Number,E-Word,EP-Word,Val-M,Val-SD,Arou-M,Arou-SD,Dom-M,Dom-SD,Freq,Nlett,Nsyll ,GClass,Neigh
1,abuse,maus-tratos,1.34,0.88,7.29,2.44,5.03,2.98,0.19,11,2,N,UnAv
2,accident,acidente,2.08,1.12,6.80,1.71,3.00,2.28,124.36,8,4,N,1
3,achievement,realização,7.41,1.37,4.76,2.83,7.24,1.97,88.65,10,5,N,0
4,activate,activar,6.08,1.48,5.76,2.29,5.94,2.04,4.57,7,3,V,1
5,admired,admirado,5.79,1.20,4.85,1.91,5.42,1.30,2.59,8,4,ADJ,UnAv
6,adorable,adorável,7.70,1.06,4.36,2.82,6.35,2.06,3.33,8,4,ADJ,1
7,affection,afecto,8.19,1.15,4.03,2.85,5.54,2.74,21.28,6,3,ADJ/N,1
8,afraid,receoso,3.12,1.08,6.30,1.94,3.64,1.77,5.68,7,4,ADJ,1
9,aggressive,agressivo,2.28,1.22,7.58,1.18,4.47,2.41,19.25,9,4,ADJ,0
10,agony,agonia,1.71,0.91,6.74,2.02,3.71,2.64,11.04,6,4,N,3
11,alert,alerta,5.00,1.39,6.61,1.89,5.72,2.22,19.06,6,3,ADV/N,2
12,alone,sozinho,2.71,1.55,4.67,2.53,5.00,2.25,58.05,7,3,ADJ,0
13,aloof,distante,3.08,1.81,4.71,2.38,4.27,2.68,39.17,8,3,ADJ,0
14,ambition,ambição,5.88,1.57,6.05,1.99,6.16,1.71,33.62,7,3,N,0
15,ambulance,ambulância,3.34,2.07,6.16,1.99,3.96,1.91,10.30,10,4,N,0
16,angel,anjo,7.00,1.53,2.59,1.78,3.96,2.03,27.95,4,2,N,4
17,anger,ira,2.73,1.82,7.59,1.97,4.26,2.26,5.12,3,2,N,12
18,angry,irritado,3.12,1.40,4.99,2.12,4.32,2.40,7.46,8,4,ADJ,UnAv
19,anguished,angustiado,2.43,1.21,6.10,2.00,4.28,2.85,2.71,10,5,ADJ,UnAv
20,annoy,aborrecer,2.52,1.18,5.17,2.25,3.97,1.99,13.51,9,4,V,0
21,anxious,ansioso,3.44,1.34,7.14,1.62,5.06,2.28,13.51,7,4,ADJ,0
22,agility,agilidade,6.76,1.42,5.46,2.45,6.03,2.19,3.95,9,5,N,0
23,army,exército,4.28,1.85,5.11,2.33,4.65,2.17,55.33,8,4,N,0
24,aroused,excitado,6.71,1.25,6.16,2.53,5.82,1.99,2.71,8,4,ADJ,UnAv
25,arrogant,arrogante,3.24,1.62,6.31,1.79,5.46,1.97,5.74,9,4,ADJ,0
26,assassin,assassinar,1.58,1.05,7.61,1.45,3.04,2.24,24.68,10,4,V,0
27,assault,agressão,1.62,0.91,7.43,2.02,4.09,2.66,22.82,8,3,N,0
28,astonished,espantado,5.59,1.31,6.04,1.37,4.65,2.06,8.27,9,4,ADJ,UnAv
29,autumn,outono,5.46,1.54,3.30,1.90,5.12,2.05,21.22,6,3,N,0
30,awed,maravilhado,8.08,1.11,4.69,2.57,5.91,2.32,UnAv,11,5,V,UnAv
31,baby,bebé,7.74,1.46,4.86,2.38,5.76,1.79,27.82,4,2,N,0
32,bankrupt,falência,2.18,1.27,6.18,2.35,3.38,2.24,18.01,8,3,N,1
33,bastard,bastardo,3.48,1.53,4.04,2.42,4.39,2.25,3.33,8,3,ADJ/N,0
34,beach,praia,7.98,1.63,4.41,3.11,6.73,1.91,104.56,5,2,N,4
35,beauty,beleza,7.58,1.20,4.12,2.32,5.25,2.42,68.29,6,3,N,0
36,beggar,mendigo,2.24,1.20,5.97,1.61,4.90,1.78,5.92,7,3,N,0
37,betray,trair,1.84,1.10,7.29,1.38,3.82,2.45,12.40,5,2,V,1
38,bird,pássaro,6.14,1.89,4.12,1.62,5.40,2.18,34.79,7,3,N,0
39,birthday,aniversário,7.58,1.65,6.29,2.80,5.81,1.70,33.25,11,5,N,0
40,blackmail,chantagem,2.11,1.21,6.42,2.03,4.22,2.60,5.37,9,3,N,0
41,blase,apático,2.97,1.55,5.03,1.85,4.65,1.60,2.28,7,4,ADJ,0
42,bless,abençoar,6.15,1.83,4.35,2.66,5.43,2.09,6.79,8,4,V,0
43,blind,cego,2.21,1.47,6.29,1.76,4.28,2.37,31.58,4,2,ADJ/N,4
44,blossom,florescer,7.24,1.48,3.39,2.53,5.69,2.36,6.85,9,3,V,0
45,bold,atrevido,6.53,1.31,5.58,2.02,4.57,1.85,3.39,8,4,ADJ,0
46,bomb,bomba,2.41,2.06,7.48,1.36,4.37,2.75,36.95,5,2,N,4
47,book,livro,6.56,1.40,3.20,2.03,6.24,1.99,257.98,5,2,N,2
48,bored,aborrecido,3.00,1.22,4.84,2.15,3.68,1.41,9.44,10,5,ADJ/N,0
49,bowl,tigela,5.19,0.68,3.79,1.93,5.18,1.88,12.40,6,3,N,0
50,boy,rapaz,6.54,1.50,4.87,2.30,5.67,1.80,146.26,5,2,N,2
51,breast,seio,5.26,1.33,4.53,2.39,5.94,2.38,44.23,4,2,N,9
52,brother,irmão,7.20,2.00,4.50,2.52,5.73,1.86,167.85,5,2,ADJ/N,0
53,brutal,brutal,5.16,2.59,5.70,2.03,4.44,2.10,12.46,6,2,ADJ,0
54,bunny,coelhinho,6.41,1.44,4.24,2.31,5.61,1.85,UnAv,9,4,N,UnAv
55,burdened,sobrecarregado,3.03,1.80,7.17,1.59,4.42,2.45,1.11,14,6,ADJ,UnAv
56,burial,enterro,2.31,2.33,6.05,2.72,2.94,2.22,11.54,7,3,N,0
57,butter,manteiga,5.39,1.65,3.83,1.93,5.19,2.07,52.19,8,3,N,0
58,butterfly,borboleta,7.18,1.80,2.63,1.74,5.21,2.46,6.91,9,4,N,0
59,cake,bolo,7.60,1.19,4.62,1.99,5.53,2.16,25.48,4,2,N,18
60,cancer,cancro,1.73,1.59,7.29,1.90,4.55,2.66,25.79,6,2,N,1
61,candy,rebuçado,7.25,1.56,4.24,2.15,5.93,2.14,5.24,8,4,ADJ/N,0
62,capable,capaz,7.17,1.38,4.31,2.39,6.25,2.23,143.12,5,2,ADJ,5
63,carefree,despreocupado,6.46,1.63,2.23,1.63,6.10,2.60,2.28,13,6,ADJ,UnAv
64,caress,carícia,8.08,0.81,5.00,3.10,5.28,2.54,7.96,7,3,N,0
65,cemetery,cemitério,1.98,1.50,5.84,2.49,4.43,2.67,35.96,9,4,N,0
66,chair,cadeira,5.17,1.07,3.85,1.84,4.61,1.83,70.20,7,3,N,8
67,champion,vencedor,7.64,1.61,6.45,2.32,6.83,2.49,62.06,8,3,ADJ/N,1
68,charm,encanto,7.33,1.29,4.51,2.67,6.22,2.27,23.38,7,3,N,2
69,cheer,ânimo,7.38,1.50,5.45,2.86,6.10,1.80,19.25,5,3,N,0
70,child,criança,7.89,1.03,5.07,2.46,5.86,2.24,348.66,7,3,N,0
71,church,igreja,4.52,1.60,3.57,2.04,3.84,2.17,99.63,6,3,N,0
72,circus,circo,5.52,2.31,5.91,2.18,4.50,2.13,12.15,5,2,N,4
73,city,cidade,5.85,1.22,4.59,2.13,4.94,1.83,560.13,6,3,N,1
74,clothing,roupa,6.24,1.50,4.45,2.45,6.44,1.74,73.29,5,2,N,1
75,cockroach,barata,3.93,2.42,5.83,2.32,5.19,2.24,8.76,6,3,N,3
76,coffin,caixão,1.75,1.56,5.63,3.01,5.00,2.69,12.21,6,2,N,2
77,comedy,comédia,7.77,1.22,5.61,2.43,5.96,2.14,20.23,7,3,N,0
78,concentrate,concentrado,6.19,1.47,4.33,2.15,6.50,1.95,16.04,11,4,ADJ,0
79,confident,confiante,7.46,1.49,3.87,2.64,7.24,2.60,18.44,9,4,ADJ,UnAv
80,confused,confuso,3.64,1.22,5.74,2.15,3.68,2.39,18.38,7,3,ADJ,2
81,consoled,consolado,6.13,1.55,3.82,2.26,5.90,2.14,UnAv,9,4,V,UnAv
82,contempt,desprezo,1.85,0.93,6.36,1.81,4.57,2.36,13.02,8,3,N,0
83,contents,conteúdo,5.42,1.50,3.76,1.74,4.52,1.39,36.46,8,4,N,0
84,context,contexto,5.10,0.66,4.04,2.07,5.50,1.19,62.98,8,3,N,0
85,controlling,controlador,3.85,1.92,4.68,2.40,5.61,2.70,4.50,11,4,N,UnAv
86,corpse,cadáver,1.77,1.15,6.55,1.93,3.96,3.09,26.40,7,3,N,0
87,cottage,cabana,6.22,1.51,3.10,2.01,4.79,2.01,12.03,6,3,N,5
88,cozy,acolhedor,7.49,1.38,2.63,2.03,6.06,2.42,4.26,9,4,ADJ/N,0
89,crash,colisão,2.41,1.45,6.50,1.76,4.05,2.36,10.67,7,3,N,0
90,crown,coroa,5.66,1.30,3.94,1.71,4.61,1.81,22.89,5,3,N,7
91,crucify,crucificar,2.65,1.54,5.32,2.48,4.00,2.24,3.15,10,4,V,0
92,cruel,cruel,2.16,1.32,6.91,1.99,4.18,2.35,14.50,5,2,ADJ,0
93,crushed,esmagado,2.55,1.25,6.55,1.71,3.16,2.25,UnAv,8,4,V,UnAv
94,cuddle,aconchego,7.70,1.18,2.27,2.43,5.52,2.66,1.60,9,4,N,UnAv
95,curious,curioso,6.36,1.33,5.59,1.92,5.46,1.37,44.42,7,4,ADJ/N,1
96,custom,costume,5.22,1.13,3.88,1.84,4.85,1.66,57.12,7,3,N,1
97,cute,giro,7.00,1.67,4.31,1.88,5.63,1.78,12.09,4,2,ADJ/N,3
98,cyclone,ciclone,3.00,1.66,6.36,2.22,3.65,2.62,4.13,7,3,N,1
99,dagger,punhal,2.88,1.87,6.32,2.33,4.16,2.80,9.56,6,2,N,2
100,death,morte,2.00,1.92,7.07,2.53,2.00,2.04,278.03,5,2,N,9
101,debt,dívida,2.76,1.64,6.57,1.97,3.96,2.29,67.80,6,3,N,1
102,decompose,decompor,4.73,1.40,4.79,1.72,4.88,1.54,3.70,8,3,V,2
103,defeated,derrotado,2.24,1.57,6.41,2.24,3.13,2.17,3.27,9,4,ADJ,UnAv
104,defiant,provocador,5.05,1.72,6.00,1.58,5.50,1.86,3.33,10,4,ADJ/N,0
105,delight,deleite,5.60,2.87,3.81,2.70,4.96,2.74,2.90,7,3,N,0
106,demon,demónio,2.34,1.56,6.00,2.24,4.24,2.33,13.63,7,3,N,0
107,depressed,deprimido,2.03,1.17,4.81,2.55,3.45,2.21,2.04,9,4,ADJ,UnAv
108,depression,depressão,1.94,1.28,5.84,2.67,3.47,2.43,17.70,9,3,N,1
109,deserter,desertor,3.14,1.86,4.56,2.41,3.71,2.05,2.65,8,3,N,2
110,despairing,desesperado,2.27,1.11,7.08,2.19,4.78,2.89,10.98,11,5,ADJ,UnAv
111,despise,desprezar,2.65,1.79,6.27,1.95,5.37,1.83,15.61,9,3,V,1
112,destroy,destruir,2.41,1.13,6.16,2.10,4.78,2.35,72.42,8,3,V,0
113,detached,imparcial,5.51,1.48,3.88,2.16,5.62,1.93,1.85,9,4,ADJ,0
114,detest,detestar,2.74,1.39,6.69,1.85,4.23,2.16,18.07,8,3,V,1
115,devil,diabo,3.78,1.39,5.09,2.23,4.64,1.83,33.19,5,3,N,0
116,devoted,dedicado,6.95,1.22,4.31,2.07,5.38,2.49,8.94,8,4,ADJ,UnAv
117,diamond,diamante,6.74,1.64,5.10,2.60,4.70,2.51,9.93,8,4,N,0
118,dignified,digno,7.24,1.16,4.10,1.94,6.73,1.66,30.23,5,2,ADJ,1
119,diploma,diploma,6.60,1.78,4.86,2.56,6.00,1.81,42.57,7,3,N,0
120,disappoint,decepcionar,2.17,1.56,5.88,2.20,3.46,1.67,0.80,11,5,V,0
121,disaster,desastre,2.44,1.45,6.81,1.97,3.51,2.40,21.71,8,3,N,0
122,discouraged,desanimado,2.19,1.23,4.59,2.53,3.22,1.99,1.30,10,5,ADJ,UnAv
123,disdainful,desdenhoso,2.95,1.63,4.69,2.21,4.38,2.06,3.33,10,4,ADJ,0
124,disgusted,desagradado,2.94,1.32,5.97,1.98,4.10,2.02,UnAv,11,5,V,UnAv
125,disloyal,desleal,1.88,1.07,6.48,1.82,4.88,2.34,2.10,7,3,ADJ,0
126,displeased,descontente,2.95,1.00,5.47,2.21,3.79,1.76,9.19,11,4,ADJ/N,UnAv
127,distressed,aflito,2.88,1.29,7.17,1.91,3.29,2.07,12.46,6,3,ADJ/N,2
128,divorce,divórcio,2.66,1.91,6.07,2.34,4.00,2.32,14.68,8,3,N,0
129,doctor,doutor,5.65,1.58,4.83,2.35,4.48,1.81,61.01,6,2,N,1
130,door,porta,5.23,0.92,4.20,1.67,4.70,2.08,303.57,5,2,N,10
131,dreadful,medonho,3.03,1.31,5.85,1.68,4.00,2.24,6.97,7,3,ADJ,0
132,dream,sonho,7.85,1.16,3.79,2.45,4.96,2.72,109.74,5,2,N,2
133,dress,vestido,6.72,1.44,4.78,2.22,5.54,1.69,48.67,7,3,ADJ/N,0
134,earth,terra,6.20,1.68,4.14,2.46,5.74,1.91,405.60,5,2,N,5
135,easygoing,descontraído,7.10,1.46,2.86,2.33,6.28,2.48,6.05,12,5,ADJ,UnAv
136,eat,comer,6.94,1.33,4.82,2.53,5.11,2.19,160.58,5,2,N/V,2
137,education,educação,7.16,1.32,4.22,2.17,5.70,2.16,530.89,8,4,N,0
138,elated,eufórico,7.33,1.79,7.54,1.84,6.58,1.86,4.69,8,4,ADJ,1
139,elegant,elegante,6.92,1.40,4.51,2.05,5.84,2.22,18.44,8,4,ADJ,1
140,embarrassed,embaraçado,3.96,1.66,5.79,2.30,4.58,2.32,4.57,10,5,ADJ,UnAv
141,embattled,armado,2.30,1.36,6.42,1.92,4.67,2.18,50.65,6,3,ADJ,4
143,engaged,empenhado,7.09,1.03,4.88,2.52,6.69,2.07,5.61,9,4,ADJ,UnAv
145,enjoyment,gozo,5.33,1.99,6.09,1.80,5.21,1.84,9.19,4,2,N,6
146,ennui,tédio,2.22,1.21,3.60,2.47,3.67,1.96,5.74,5,2,N,2
147,employment,emprego,7.31,1.65,6.23,2.25,5.05,2.58,134.73,7,3,N,0
148,engine,motor,4.66,1.47,5.58,1.82,4.63,0.97,51.08,5,2,ADJ/N,2
149,enraged,enfurecido,2.81,1.36,6.80,2.50,5.82,2.19,UnAv,10,5,V,UnAv
150,errand,recado,5.13,1.02,4.61,1.71,5.00,1.59,17.46,6,3,N,3
151,excellence,excelência,7.26,1.55,4.83,1.98,5.92,1.72,25.60,10,4,N,0
152,excitement,entusiasmo,7.82,1.16,6.50,2.75,6.44,2.08,31.71,10,5,N,0
153,excuse,desculpa,5.19,1.94,4.14,2.28,4.92,2.02,26.71,8,3,INT/N,1
154,execution,execução,4.41,2.20,5.44,2.29,5.21,1.93,66.99,8,4,N,0
155,exercise,exercício,6.17,1.80,6.08,1.81,6.15,1.96,81.55,9,4,N,0
156,failure,fracasso,1.72,0.99,6.42,2.34,3.59,2.00,14.68,8,3,N,0
157,fame,fama,5.89,1.24,4.88,2.04,4.93,2.12,22.45,4,2,N,12
158,family,família,7.74,1.70,4.07,2.73,7.00,1.63,335.34,7,3,N,0
159,fascinate,fascinar,7.48,1.15,5.08,2.16,6.22,2.02,10.12,8,3,V,0
160,fat,gordo,3.53,1.74,5.11,2.13,4.13,1.60,35.16,5,2,ADJ/N,5
161,father,pai,7.44,2.13,4.53,2.89,5.63,2.34,365.20,3,1,N,6
162,fatigued,fatigado,3.19,1.28,4.42,2.14,3.04,1.46,0.62,8,4,ADJ,UnAv
163,fearful,medroso,3.08,1.30,5.90,1.99,3.63,2.57,2.84,7,3,ADJ/N,0
164,feeble,débil,2.98,1.37,4.79,2.12,4.13,2.03,6.66,5,2,ADJ/N,0
165,filth,imundíce,2.69,1.62,5.81,2.53,5.22,1.95,UnAv,8,4,N,UnAv
166,fire,fogo,4.34,2.29,5.54,2.91,4.64,2.50,114.31,4,2,N,10
167,flabby,flácido,3.00,0.95,3.85,1.66,3.67,1.61,1.97,7,3,ADJ,1
168,flower,flor,7.30,1.30,3.62,2.25,5.76,2.32,93.33,4,1,N,2
169,foul,fétido,1.70,1.33,4.45,2.98,3.19,2.51,1.30,6,3,ADJ,0
170,fragrance,fragância,6.84,1.90,3.73,2.35,5.00,2.79,UnAv,9,3,,UnAv
171,fraud,fraude,2.25,1.12,6.56,2.05,3.85,1.99,11.84,6,2,N,1
172,free,livre,8.12,1.39,4.81,2.81,7.23,2.25,144.54,5,2,ADJ/ADV/N,1
173,freedom,liberdade,8.47,0.98,3.97,3.21,7.70,1.51,109.13,9,4,N,0
174,friend,amigo,8.50,0.69,4.97,3.05,6.19,3.00,277.66,5,3,ADJ/N,2
175,friendly,amigável,7.73,1.14,3.58,2.57,5.71,2.35,4.38,8,4,ADJ,0
176,frog,sapo,4.69,1.45,4.39,2.15,5.71,1.85,2.96,4,2,N,2
177,frustrated,frustrado,2.50,1.21,5.76,2.20,4.17,2.17,4.01,9,3,ADJ/N,0
178,funeral,funeral,1.39,0.88,6.65,2.25,3.71,2.68,14.87,7,3,ADJ/N,0
179,fungus,fungo,3.56,1.42,4.89,2.18,4.81,2.14,5.49,5,2,N,1
180,fur,peles,4.11,1.79,4.67,1.68,5.35,1.46,UnAv,5,2,N/V,UnAv
181,gangrene,gangrena,1.94,1.75,5.50,2.47,4.35,2.48,0.80,8,3,N,1
182,garbage,porcaria,2.82,1.61,4.81,1.92,4.48,1.64,8.08,8,4,N,1
183,gentle,gentil,7.82,1.14,3.11,2.07,6.09,2.43,4.75,6,2,ADJ,1
184,gift,prenda,8.06,0.98,5.41,2.89,5.78,2.28,4.87,6,2,N,2
185,girl,rapariga,5.74,1.12,4.39,1.87,5.06,1.50,101.23,8,4,N,0
186,glacier,glaciar,5.00,1.44,4.17,2.02,4.16,1.80,3.27,7,3,N,1
187,glamour,glamour,7.07,1.21,5.23,2.83,6.00,1.95,0.86,7,2,N,UnAv
188,gloom,pessimismo,2.13,1.10,6.20,1.36,3.64,2.16,5.98,10,4,N,0
189,glory,glória,7.10,1.62,5.41,2.15,5.87,2.11,20.42,6,2,N,0
190,god,deus,5.79,1.50,3.40,2.14,4.36,2.36,81.37,4,1,N,5
191,gold,ouro,6.32,1.44,4.79,1.97,5.70,1.58,103.76,4,2,N,12
192,graduate,licenciado,6.94,1.69,4.53,2.49,6.17,2.24,9.44,10,5,ADJ/N,UnAv
193,grateful,agradecido,7.31,1.37,3.72,2.70,6.31,2.22,0.43,10,5,ADJ,UnAv
194,green,verde,6.68,1.52,3.35,2.51,4.88,2.36,114.37,5,2,ADJ/N,2
195,grief,desgosto,2.18,1.13,5.29,3.04,3.37,2.68,16.04,8,3,N,0
196,guillotine,guilhotina,2.87,1.79,6.04,2.10,3.73,2.53,2.22,10,4,N,1
197,guilty,culpado,2.75,1.44,5.79,1.98,4.61,2.41,15.67,7,3,N,UnAv
198,hammer,martelo,4.41,1.31,4.00,1.92,5.05,1.57,9.01,7,3,N,1
199,handsome,bonito,7.46,1.09,4.39,2.18,5.36,1.68,92.04,6,3,ADJ/N,0
200,happy,feliz,7.96,1.31,5.12,3.15,7.64,1.36,85.93,5,2,ADJ,0
201,hate,odiar,2.03,1.23,6.45,2.47,4.63,2.22,15.42,5,2,V,1
202,hatred,ódio,1.63,0.97,7.46,1.90,4.43,2.57,22.95,4,2,N,3
203,headache,enxaqueca,2.29,1.13,5.59,2.10,3.59,1.97,0.86,9,4,N,0
204,health,saúde,7.60,1.56,3.38,2.43,4.95,2.48,168.90,5,3,N,0
205,heaven,céu,7.72,1.39,2.85,2.03,4.17,2.63,92.35,3,1,N,5
206,helpless,indefeso,3.08,1.36,5.50,2.48,3.31,2.27,3.89,8,4,ADJ,0
207,hide,esconder,4.28,1.40,4.42,2.18,4.91,2.12,75.51,8,3,V,0
208,history,história,5.92,1.59,3.34,2.07,5.37,2.27,323.87,8,3,N,1
209,home,lar,7.66,1.88,2.68,2.28,4.90,2.28,35.10,3,1,N,7
210,honest,honesto,7.86,1.29,3.72,2.75,6.15,2.09,13.63,7,3,ADJ,0
211,honor,honra,6.71,1.50,4.06,2.42,6.47,1.83,47.99,5,2,N,2
212,hopeful,esperançado,7.70,0.87,4.83,2.37,6.62,1.56,0.74,11,5,ADJ,UnAv
213,horror,horror,2.58,2.03,6.48,1.50,3.63,2.22,21.71,6,2,N,0
214,horse,cavalo,6.00,1.67,3.86,2.56,4.40,2.70,95.25,6,3,N,4
215,hospital,hospital,2.83,2.17,6.41,2.14,4.23,2.74,97.84,8,3,N,0
216,hostage,refém,2.19,1.30,6.52,2.06,3.32,2.06,7.65,5,2,N,0
217,hostile,hostil,3.50,1.63,5.19,2.20,5.05,2.37,8.64,6,2,ADJ,0
218,hug,abraço,8.58,0.72,3.50,2.95,7.05,2.24,17.58,6,3,N,1
219,humble,humilde,7.27,1.28,2.75,1.69,5.76,2.26,19.25,7,3,ADJ/N,0
220,humor,humor,7.57,1.31,4.70,2.63,6.65,1.72,27.45,5,2,N,3
221,hungry,esfomeado,3.08,1.25,6.33,2.31,3.93,1.53,2.53,9,5,ADJ/N,0
222,hurt,ferido,2.53,1.30,6.20,2.03,4.03,2.25,54.66,6,3,ADJ/N,3
223,idiot,idiota,3.67,1.84,4.79,2.15,4.77,2.32,8.33,6,4,ADJ/N,2
224,impotent,impotente,2.53,1.80,6.38,2.50,2.95,2.24,7.16,9,4,ADJ/N,1
225,impressed,impressionado,6.50,1.27,5.18,2.06,5.76,1.51,4.94,13,6,ADJ,UnAv
226,improve,melhorar,7.21,1.62,4.41,2.27,6.14,2.60,72.79,8,3,V,0
227,industry,indústria,4.89,1.06,4.89,1.69,4.68,1.53,116.71,9,3,N,0
228,infection,infecção,2.19,1.09,6.00,1.84,3.74,2.44,30.78,8,3,N,1
229,ink,tinta,5.48,1.33,4.35,2.17,4.81,2.24,25.72,5,2,N,9
230,insecure,inseguro,3.19,1.04,6.20,1.91,3.52,2.43,6.11,8,4,ADJ,0
231,insolent,insolente,2.85,1.54,6.05,2.30,4.14,1.81,1.79,9,4,ADJ/N,2
232,inspire,inspirar,7.24,1.50,4.53,2.62,6.41,2.24,29.73,8,3,V,0
233,inspired,inspirado,7.48,1.24,5.09,2.43,6.35,2.32,7.09,9,4,ADJ,UnAv
234,interest,interesse,6.74,1.50,5.52,2.42,6.37,2.06,213.50,9,4,N,0
235,irritate,irritar,2.61,1.20,6.39,2.38,5.23,2.12,17.95,7,3,V,1
236,jail,cadeia,3.00,1.70,5.25,2.54,3.25,2.41,54.96,6,3,N,4
237,jealousy,ciúme,2.83,1.34,6.25,1.73,4.64,2.34,12.95,5,3,N,0
238,jelly,gelatina,6.00,1.48,3.32,1.89,6.14,2.85,3.21,8,4,N,0
239,jewel,jóia,6.41,1.29,4.60,1.96,5.83,1.56,25.17,4,1,N,1
240,joy,alegria,8.35,0.92,6.00,2.72,7.10,1.65,70.45,7,4,N,1
241,joyful,alegre,8.17,1.23,5.23,2.79,6.17,2.32,20.05,6,3,ADJ,0
242,justice,justiça,7.28,1.64,5.21,2.64,5.64,2.02,109.56,7,3,N,1
243,kerosene,petróleo,4.17,1.34,4.88,1.80,4.62,2.22,34.48,8,3,N,0
244,killer,assassino,2.03,1.21,6.29,2.60,4.96,2.63,16.16,9,4,ADJ/N,0
245,kind,amável,7.91,0.92,3.62,2.40,6.71,1.36,10.73,6,3,ADJ,2
246,kindness,amabilidade,7.62,1.32,4.09,2.75,5.87,2.05,3.89,11,6,N,1
247,king,rei,5.56,1.32,3.78,2.15,4.93,1.80,122.95,3,1,N,4
248,kiss,beijo,8.24,1.09,5.67,3.10,6.42,2.48,25.85,5,2,N,1
249,knowledge,conhecimento,7.78,1.28,5.56,2.41,6.24,1.95,157.12,12,5,N,1
250,lake,lago,6.78,1.70,2.88,2.27,6.00,2.27,31.40,4,2,N,10
251,laughter,riso,8.18,1.11,6.53,2.60,6.97,1.59,35.78,4,2,N,12
252,learn,aprender,7.74,1.21,5.45,2.86,6.00,2.55,101.97,8,3,V,2
253,leisurely,calmo,6.74,1.40,1.79,1.66,4.41,2.62,24.43,5,2,ADJ,8
254,leprosy,lepra,2.08,1.44,6.20,2.44,2.87,1.59,3.45,5,2,N,2
255,liberty,independência,7.12,1.36,5.46,2.35,6.76,1.77,42.20,13,5,N,0
256,lice,piolhos,2.42,1.71,6.42,2.33,4.24,2.40,UnAv,7,3,N,UnAv
257,lie,mentira,2.38,1.83,6.18,2.75,4.09,2.48,19.80,7,3,N,1
258,life,vida,8.26,1.20,5.75,3.23,6.50,2.65,832.30,4,2,N,11
259,listless,indolente,3.41,1.84,4.08,2.66,4.60,1.51,1.97,9,4,ADJ,1
260,loneliness,solidão,1.91,1.60,4.85,2.89,3.80,2.25,36.52,7,3,N,0
261,lonely,solitário,2.52,1.52,4.32,2.17,4.37,2.33,19.12,9,4,ADJ/N,1
262,louse,piolho,2.89,1.79,5.33,1.62,4.74,2.26,2.47,6,3,N,0
263,love,amor,8.16,1.33,5.31,3.39,4.54,2.50,200.30,4,2,N,5
264,loved,amado,8.00,1.45,4.70,3.45,6.35,2.50,4.13,5,3,ADJ/N,UnAv
265,loyal,leal,7.82,1.26,4.29,2.35,5.92,2.26,19.49,4,2,ADJ,3
266,lucky,sortudo,7.52,1.12,5.87,1.94,5.33,2.00,UnAv,7,3,ADJ/N,UnAv
267,luscious,delicioso,7.80,1.27,4.84,2.78,5.15,2.33,12.21,9,5,ADJ,0
268,luxury,luxo,5.94,2.03,5.23,2.22,6.07,2.11,40.41,4,2,N,6
269,maggot,larva,3.60,1.61,5.03,2.32,5.25,2.24,10.36,5,2,N,1
270,malice,malícia,2.95,1.83,6.18,2.22,4.50,1.85,3.76,7,3,N,0
271,masterful,magistral,5.28,2.21,4.50,2.48,4.65,2.61,2.04,9,3,ADJ,0
272,measles,sarampo,2.94,1.32,4.88,2.20,3.83,1.58,2.22,7,3,N,0
273,meek,manso,5.64,1.55,3.42,2.19,5.17,2.36,14.07,5,2,ADJ,6
274,memory,memória,6.30,1.41,4.29,1.96,5.65,2.25,105.06,7,3,N,1
275,menace,ameaça,2.20,1.13,7.00,2.13,3.00,2.00,70.82,6,4,N,1
276,mighty,potente,6.62,1.23,5.72,2.29,6.29,2.17,8.64,7,3,ADJ,1
277,mildew,bolor,3.11,1.64,4.65,2.07,5.40,1.96,3.08,5,2,N,2
278,millionaire,milionário,7.21,1.52,4.75,2.57,4.95,1.94,8.64,10,5,ADJ/N,0
279,miracle,milagre,6.60,2.00,4.61,2.10,4.40,2.30,33.25,7,3,N,0
280,modest,modesto,6.40,1.45,3.45,1.99,5.33,2.14,24.74,7,3,ADJ,2
281,moment,momento,6.79,1.56,3.46,2.13,5.65,1.90,358.84,7,3,N,1
282,money,dinheiro,6.95,1.63,4.77,2.35,5.35,2.20,227.94,8,3,N,1
283,month,mês,5.13,0.57,4.04,2.32,4.63,2.18,422.75,3,1,N,2
284,morbid,mórbido,2.88,1.73,5.22,2.41,3.56,1.99,3.08,7,3,ADJ,0
285,morgue,morgue,2.44,2.15,5.52,2.87,3.35,2.21,1.42,6,2,N,0
286,mother,mãe,8.23,1.42,3.71,2.40,5.94,2.27,270.75,3,1,N,2
287,mountain,montanha,6.47,1.35,4.04,2.46,4.60,2.47,63.60,8,3,N,0
288,movie,filme,7.27,1.23,4.64,2.32,6.39,2.15,171.12,5,2,N,1
289,murderer,homicida,2.32,1.84,7.14,1.81,3.22,2.24,6.05,8,4,ADJ/N,0
290,muscular,musculado,6.46,1.69,5.08,2.00,4.86,2.19,0.62,9,4,ADJ,UnAv
291,music,música,7.80,1.29,4.29,2.92,6.06,2.67,153.67,6,3,N,1
292,mutilate,mutilar,1.84,1.72,7.10,2.04,3.50,2.32,5.37,7,3,V,1
293,nature,natureza,7.78,1.31,3.80,2.89,5.23,2.81,142.99,8,4,N,0
294,nectar,néctar,5.83,1.44,3.96,1.84,5.32,0.99,1.48,6,2,N,0
295,nightmare,pesadelo,2.32,1.47,7.39,2.13,3.05,1.43,19.19,8,4,N,0
296,nonchalant,desinteressado,2.47,1.30,3.00,1.87,4.33,2.24,2.34,14,6,ADJ,0
297,ocean,oceano,7.59,1.34,2.83,2.07,5.54,2.36,17.09,6,4,N,0
298,opinion,opinião,6.22,1.48,5.09,2.23,6.04,2.01,198.33,7,4,N,0
299,orchestra,orquestra,5.97,1.48,4.03,2.55,4.79,2.41,33.99,9,3,N,1
300,overwhelmed,subjugado,2.95,1.39,5.68,2.33,3.33,2.06,UnAv,9,4,V,UnAv
301,pain,sofrimento,1.90,1.25,6.97,2.14,3.42,2.57,29.06,10,4,N,0
302,palace,palácio,6.97,1.48,4.14,2.29,5.52,2.22,53.42,7,3,N,0
303,paper,papel,5.27,1.44,3.52,2.20,6.25,1.70,291.85,5,2,N,0
304,paradise,paraíso,7.64,1.47,4.56,3.16,5.95,2.19,17.70,7,4,N,0
305,party,festa,7.66,1.28,6.69,1.83,6.09,2.43,135.41,5,2,N,12
306,passion,paixão,8.31,0.93,7.96,2.01,5.75,2.64,62.55,6,2,N,1
307,patent,patente,5.22,1.19,3.78,1.76,5.05,1.96,35.35,7,3,ADJ/N,4
308,peace,paz,7.97,1.20,2.03,1.80,6.43,2.69,107.46,3,1,N,4
309,pencil,lápis,5.48,1.40,3.71,1.94,5.57,2.04,15.73,5,2,N,0
310,perfection,perfeição,7.13,1.63,5.53,2.83,6.28,2.14,17.70,9,3,N,0
311,person,pessoa,6.30,1.65,4.09,2.39,5.92,1.87,889.61,6,3,N,1
312,pervert,pervertido,3.29,2.30,6.47,1.73,4.43,1.89,UnAv,10,4,V,UnAv
313,pest,peste,2.97,2.02,5.92,2.12,4.05,2.25,9.25,5,2,N,9
314,pie,tarte,7.05,1.30,4.62,2.27,5.60,1.87,7.65,5,2,N,UnAv
315,pillow,almofada,6.69,2.02,2.64,2.36,5.33,2.11,7.96,8,4,N,1
316,plant,planta,6.28,1.13,3.56,1.94,5.55,2.04,72.42,6,2,N,2
317,pleasure,prazer,8.19,0.96,6.70,2.74,7.00,2.07,64.96,6,2,N/V,2
318,poetry,poesia,6.30,1.51,3.57,2.40,4.81,1.89,50.03,6,4,N,0
319,poison,peçonha,2.83,2.15,4.06,3.17,3.22,2.26,0.86,7,3,N,0
320,politeness,cortesia,6.52,1.39,4.13,2.08,5.36,2.06,5.12,8,4,N,0
321,pollute,poluir,2.32,1.08,6.22,1.92,4.81,1.97,6.60,6,3,V,1
322,poverty,pobreza,2.00,1.53,5.96,2.60,3.67,2.31,29.73,7,3,N,1
323,power,poder,6.36,1.62,5.50,2.25,6.70,2.03,2936.44,5,2,N/V,1
324,powerful,poderoso,6.17,1.62,5.63,2.24,6.45,2.24,44.17,8,4,ADJ,0
325,prairie,pradaria,6.11,1.57,2.77,1.94,5.58,2.41,1.85,8,4,N,1
326,pretty,linda,7.82,1.09,4.40,3.08,5.38,3.04,0.86,5,2,N,UnAv
327,pride,orgulho,6.78,1.86,4.93,2.58,5.74,2.16,32.45,7,3,N,1
328,priest,padre,4.51,1.52,4.04,2.05,4.89,1.13,97.34,5,2,N,2
329,prison,prisão,2.13,1.14,5.47,2.41,3.94,2.45,88.03,6,2,N,0
330,privacy,privacidade,6.91,1.42,3.74,2.32,5.83,1.95,5.43,11,5,N,0
331,profit,lucro,6.67,2.08,5.35,2.31,5.70,1.17,50.34,5,2,N,0
332,promotion,promoção,7.32,1.81,6.48,2.16,5.40,2.35,50.28,8,3,N,0
333,protected,protegido,7.00,1.68,2.88,2.03,5.55,2.42,9.44,9,4,ADJ,UnAv
334,proud,orgulhoso,5.78,2.46,5.34,2.34,5.97,1.66,11.41,9,4,ADJ/N,0
335,punishment,castigo,2.65,1.58,6.00,2.06,4.08,2.15,28.13,7,3,N,1
336,puppy,cãozinho,7.21,1.79,3.96,2.95,6.34,2.16,UnAv,8,3,N,UnAv
337,putrid,putrefacto,2.48,2.06,4.96,2.52,3.11,2.56,0.56,10,4,ADJ,0
338,quarrel,desavença,2.65,1.93,6.06,2.59,4.77,2.20,2.41,9,4,N,0
339,quiet,sossegado,6.54,1.23,2.04,1.49,5.96,2.90,3.95,9,4,ADJ,0
340,rabies,raiva,2.64,1.47,7.06,1.89,4.44,2.06,21.22,5,2,N,1
341,radio,rádio,6.96,1.43,4.85,2.57,5.86,2.22,69.65,5,2,N,0
342,rage,cólera,2.56,1.68,7.19,1.94,3.73,2.13,12.95,6,3,N,0
343,rainbow,arco-íris,7.42,1.16,3.41,2.22,4.71,2.54,2.71,9,3,N,0
344,rape,violação,1.76,1.81,8.13,1.56,3.68,2.73,21.16,8,4,N,0
345,rat,ratazana,2.74,1.73,6.06,2.27,4.09,2.13,2.28,8,4,N,0
346,rattle,chocalho,5.17,1.48,4.41,2.03,4.86,1.56,0.99,8,3,N,0
347,refreshment,refresco,6.85,1.44,4.03,2.58,6.06,1.88,1.67,8,3,N,0
348,regretful,pesaroso,2.73,1.40,3.69,2.57,4.80,2.55,1.23,8,4,ADJ,0
349,rejected,rejeitado,2.33,1.49,6.09,2.02,4.07,2.08,UnAv,9,4,V,UnAv
350,relaxed,relaxado,7.27,1.35,1.87,1.36,6.29,3.07,UnAv,8,4,V,UnAv
351,repentant,arrependido,3.54,1.63,5.43,2.18,4.95,1.86,UnAv,11,5,V,0
352,rescue,salvamento,6.92,1.63,5.39,2.40,5.50,2.00,2.78,10,4,N,0
353,reserved,reservado,4.55,1.28,3.03,2.08,4.59,2.06,7.65,9,4,ADJ,UnAv
354,respect,respeito,7.57,1.40,3.16,2.33,6.35,2.35,147.07,8,3,N,2
355,respectful,respeitador,7.48,1.20,3.92,2.31,7.13,1.36,1.97,11,4,ADJ,UnAv
356,reverent,reverencioso,3.25,2.43,2.92,2.69,3.50,3.29,UnAv,12,6,ADJ,UnAv
357,revolt,revolta,3.78,2.02,6.37,2.22,4.28,2.47,35.84,7,3,N,2
358,reward,recompensa,7.06,1.52,5.74,2.34,5.71,1.87,5.80,10,4,N,1
359,riches,riqueza,7.03,1.28,4.33,1.92,5.54,1.77,53.85,7,3,N,0
360,ridicule,ridículo,3.56,1.66,5.42,1.72,4.69,2.05,24.18,8,4,ADJ/N,0
361,riot,motim,3.95,1.87,6.34,1.52,4.47,2.02,3.39,5,2,N,2
362,river,rio,6.81,1.40,3.80,2.10,5.81,1.79,184.70,3,2,N,18
363,roach,centopeia,3.28,1.83,4.87,2.20,5.07,1.85,UnAv,9,4,N,0
364,romantic,romântico,8.23,1.04,5.47,2.84,6.00,2.43,24.49,9,4,ADJ,1
365,rotten,podre,2.53,1.56,5.11,1.91,4.21,1.61,11.10,5,2,ADJ/N,4
366,rude,rude,2.86,1.38,5.38,2.28,3.77,1.98,11.17,4,2,ADJ,3
367,rusty,enferrujado,3.62,1.33,4.23,1.57,4.57,1.54,0.56,11,5,ADJ,UnAv
368,sad,triste,1.89,1.18,5.23,2.34,3.39,2.59,77.60,6,2,ADJ/N,1
369,salad,salada,5.90,1.56,4.34,2.26,5.56,2.17,10.61,6,3,N,3
370,salute,saudação,6.70,1.37,3.92,2.45,5.48,2.49,3.82,8,3,N,1
371,sapphire,safira,6.49,1.38,4.14,1.84,5.00,1.58,1.97,6,3,N,1
372,satisfied,satisfeito,7.49,1.41,4.53,2.86,6.32,2.33,45.96,10,4,ADJ,0
373,savior,salvador,6.84,1.25,4.71,2.64,5.22,2.33,6.42,8,3,ADJ/N,1
374,scholar,erudito,5.08,2.48,4.38,2.04,4.48,2.29,7.09,7,4,ADJ/N,0
375,scorn,desdém,2.84,1.67,5.72,2.59,5.12,2.45,5.98,6,2,N,0
376,scornful,desprezador,2.19,1.39,6.00,1.81,3.76,2.61,UnAv,11,4,ADJ/N,UnAv
377,scum,escumalha,3.15,1.51,5.93,1.75,4.41,1.93,0.37,9,4,N,0
378,scurvy,escorbuto,2.23,1.87,4.94,2.37,4.76,2.81,0.93,9,4,N,0
379,seasick,enjoado,3.21,1.41,5.30,2.40,3.82,2.28,UnAv,7,4,V,0
380,seat,assento,5.23,1.27,3.39,1.79,5.65,1.39,11.29,7,3,N,3
381,secure,assegurar,6.21,1.12,4.36,2.18,5.21,2.09,113.14,9,4,V,0
382,selfish,egoísta,2.42,1.40,5.91,2.19,4.56,2.49,8.02,7,4,ADJ/N,0
383,serious,sério,4.63,0.75,3.80,2.02,5.21,1.45,88.77,5,2,ADJ/ADV/N,1
384,sex,sexo,7.27,1.40,5.55,3.50,6.27,1.68,54.29,4,2,N,7
385,shadow,sombra,5.07,1.50,4.16,1.99,4.81,1.96,100.61,6,2,N,1
386,shamed,envergonhado,3.38,1.60,5.47,1.46,2.55,1.29,6.23,12,5,ADJ,0
387,sheltered,abrigado,6.17,1.39,3.50,2.14,5.90,1.67,0.80,8,4,ADJ,UnAv
388,ship,navio,5.43,1.23,3.80,1.70,4.58,2.22,54.96,5,3,N,1
389,shy,acanhado,3.85,1.37,3.60,2.06,4.05,2.03,0.62,8,4,ADJ,1
390,sickness,enfermidade,2.44,1.32,5.74,1.86,3.72,2.06,2.47,11,5,N,0
391,silk,seda,6.50,1.58,4.21,2.47,5.46,2.20,28.81,4,2,N,8
392,sin,pecado,4.83,1.59,5.26,1.88,5.00,2.40,16.66,6,3,N,4
393,sinful,pecaminoso,3.44,1.85,4.89,1.80,4.81,2.00,0.99,10,5,ADJ,0
394,sissy,maricas,4.50,1.35,4.41,1.96,5.35,1.94,1.79,7,3,ADJ/N,UnAv
395,skeptical,céptico,4.29,1.59,4.35,1.90,4.60,1.50,5.55,7,3,ADJ/N,1
396,slap,bofetada,2.48,1.39,6.36,2.39,4.95,2.20,3.89,8,4,N,0
397,slaughter,chacina,2.19,1.73,6.00,2.95,3.11,2.37,1.91,7,3,N,1
398,slave,escravo,1.84,1.12,5.94,2.36,3.48,1.96,31.65,7,3,ADJ/N,1
399,sleep,dormir,7.66,1.49,1.76,1.51,6.33,2.77,117.27,6,2,V,0
400,slime,lodo,3.38,2.08,4.67,2.37,4.55,2.28,8.57,4,2,N,9
401,slum,favela,2.57,1.33,6.07,1.84,4.67,1.59,1.05,6,3,N,2
402,smallpox,varíola,2.58,1.59,5.61,1.85,4.12,2.13,4.38,7,4,N,0
403,snob,snobe,3.65,1.53,4.10,2.23,4.26,1.99,UnAv,5,2,N,0
404,snuggle,aconchegar-se,8.00,1.38,1.94,1.89,6.25,2.72,UnAv,13,4,V,UnAv
405,solemn,solene,5.18,2.24,3.05,1.61,5.47,1.54,20.48,6,3,ADJ,0
406,spirit,espírito,5.68,1.98,3.76,2.24,5.63,2.29,126.77,8,4,N,1
407,spouse,cônjuge,6.79,2.00,5.10,2.61,5.22,1.77,3.08,7,3,N,0
408,square,quadrado,5.14,0.72,4.06,1.73,5.37,1.79,45.28,8,3,ADJ/N,0
409,star,estrela,7.08,1.67,3.38,2.27,5.19,2.62,83.46,7,3,N,3
410,startled,sobressaltado,3.74,1.56,6.79,1.76,4.15,1.68,UnAv,13,5,V,UnAv
411,stink,fedorento,2.50,1.17,5.30,1.92,4.14,1.46,0.93,9,4,ADJ,0
412,street,rua,5.50,1.40,4.94,1.97,5.08,1.67,244.35,3,2,N,7
413,stress,stress,2.27,1.44,6.97,2.22,4.26,2.59,9.99,6,1,N,UnAv
414,strong,forte,6.84,1.52,5.15,2.57,6.07,1.96,242.25,5,2,ADJ/N,6
415,stupid,estúpido,3.81,1.39,5.61,1.41,4.64,1.82,18.07,8,4,ADJ/N,0
416,subdued,dominado,3.54,1.69,5.66,2.44,4.24,2.63,UnAv,8,4,V,UnAv
417,success,sucesso,8.06,1.27,5.59,2.41,6.44,1.71,82.72,7,3,N,2
418,suffocate,sufocar,1.90,1.21,7.12,2.20,3.56,2.31,10.73,7,3,V,0
419,suicide,suicídio,1.50,0.94,7.06,1.80,4.30,3.09,17.70,8,3,N,0
420,sunrise,amanhecer,7.42,1.42,3.57,2.62,6.00,2.22,7.46,9,4,V,0
421,sunset,ocaso,3.86,2.74,2.79,2.49,3.26,2.60,1.42,5,3,N,1
422,surprised,surpreendido,6.51,1.15,6.60,1.81,5.21,2.20,14.56,12,5,ADJ,UnAv
423,suspicious,desconfiado,3.57,1.20,5.78,1.65,4.81,1.83,6.05,11,5,ADJ,0
424,sweetheart,namorado,7.67,1.46,5.72,2.96,6.32,2.15,14.44,8,4,N,0
425,syphilis,sífilis,2.29,1.30,6.76,1.92,4.06,2.46,3.27,7,3,N,UnAv
426,table,mesa,5.30,1.29,3.60,1.96,5.19,1.91,164.83,4,2,N,5
427,talent,talento,7.28,1.28,5.62,2.47,6.18,1.66,26.46,7,3,N,1
428,tense,tenso,3.08,1.23,5.83,1.69,3.20,1.85,6.60,5,2,ADJ,10
429,termite,térmite,2.45,2.05,3.46,2.72,3.30,2.49,0.37,7,3,N,UnAv
430,terrible,terrível,2.65,1.58,6.09,2.15,3.93,2.30,40.84,8,3,ADJ/N,0
431,terrific,genial,7.63,1.59,5.73,2.13,6.69,1.57,7.77,6,3,ADJ,1
432,terrified,aterrorizado,2.60,1.62,6.81,1.88,4.08,2.02,UnAv,12,6,V,UnAv
433,thankful,grato,7.18,1.28,2.90,1.71,5.50,2.54,7.90,5,2,ADJ,5
434,theory,teoria,5.00,1.43,4.15,1.56,5.54,1.69,61.69,6,4,N,0
435,thief,ladrão,2.32,1.30,7.59,1.15,3.59,2.47,20.30,6,2,ADJ/N,1
436,thorn,espinho,3.91,1.59,5.04,1.91,4.11,2.56,4.69,7,3,N,2
437,thoughtful,atencioso,7.48,1.09,4.62,2.54,5.06,2.46,1.73,9,5,ADJ,0
438,thrill,excitação,6.93,1.49,7.49,1.90,6.14,2.24,8.88,9,4,N,0
439,time,tempo,5.67,1.65,4.72,1.97,4.28,1.97,1104.35,5,2,N,3
440,timid,tímido,4.10,1.42,3.70,1.58,4.27,1.99,16.72,6,3,ADJ/N,1
441,tobacco,tabaco,3.40,1.98,4.59,2.44,5.22,2.90,21.71,6,3,N,0
442,tomb,sepultura,2.00,1.20,5.96,2.62,3.11,2.37,34.85,9,4,N,0
443,toothache,dor-de-dente,1.84,1.39,6.70,2.05,3.43,2.53,UnAv,12,2,N,UnAv
444,tornado,tornado,3.21,1.76,6.71,1.76,3.50,2.43,12.83,7,3,N,0
445,torture,tortura,1.42,0.72,7.00,2.35,3.00,2.39,12.46,7,3,N,2
446,toxic,tóxico,2.73,1.42,6.10,1.52,4.54,1.86,16.35,6,3,ADJ/N,2
447,tragedy,tragédia,2.11,1.71,6.89,2.04,3.57,2.59,46.70,8,3,N,0
448,traitor,traidor,2.00,1.15,7.12,1.72,3.83,2.31,4.13,7,2,N,0
449,treasure,tesouro,7.09,1.28,5.46,2.32,5.05,1.89,15.36,7,3,N,2
450,tree,árvore,6.62,1.44,3.60,2.31,5.96,1.83,119.18,6,3,N,0
451,triumph,triunfo,7.22,1.86,5.59,2.48,5.20,1.99,50.46,7,3,N,1
452,triumphant,triunfante,7.83,1.17,5.91,2.52,7.22,1.31,4.63,10,4,ADJ,0
453,trophy,troféu,6.95,1.51,5.03,2.67,6.07,2.12,12.71,6,2,N,0
454,trouble,problema,3.50,1.96,6.66,2.01,4.71,2.47,496.47,8,3,N,0
455,troubled,preocupado,3.58,1.33,6.67,1.93,4.05,1.84,39.23,10,5,ADJ,UnAv
456,trumpet,trombeta,5.04,1.40,4.11,1.88,5.27,2.00,1.42,8,3,N,0
457,trust,confiança,7.76,1.06,4.45,2.93,7.23,2.25,74.89,9,4,N,0
458,truth,verdade,7.83,1.48,3.78,2.99,6.72,2.15,267.61,7,3,N,1
459,tumor,tumor,1.46,0.98,7.17,1.87,2.71,2.60,6.17,5,2,N,4
460,ugly,feio,2.74,1.46,4.47,2.25,4.30,1.42,20.73,4,2,ADJ/N,10
461,ulcer,úlcera,3.13,1.52,5.81,2.10,3.97,2.03,2.04,6,3,N,0
462,unfaithful,infiel,2.00,1.36,6.62,2.35,4.31,2.68,4.19,6,3,ADJ/N,0
463,unhappy,infeliz,1.47,0.68,5.50,2.19,3.25,2.29,21.90,7,3,ADJ/N,0
464,untroubled,tranquilo,7.30,0.92,2.12,2.07,7.04,2.19,26.53,9,3,ADJ,0
465,upset,transtornado,2.56,1.16,5.80,2.07,4.25,1.69,0.86,12,4,ADJ,UnAv
466,useful,útil,7.57,1.29,4.45,2.24,6.83,1.82,50.28,4,2,ADJ/N,1
467,useless,inútil,2.82,1.33,5.16,1.90,3.44,1.53,28.87,6,3,ADJ/N,0
468,vacation,férias,8.30,1.19,4.36,3.16,6.59,2.42,UnAv,6,1,N,1
469,valentine,apaixonado,8.22,1.24,7.03,2.80,5.41,2.37,17.58,10,5,ADJ,0
470,vampire,vampiro,4.10,1.85,4.84,2.73,4.07,2.21,2.28,7,3,N,0
471,vandal,vândalo,2.55,1.60,6.81,1.53,3.81,2.43,5.18,7,3,ADJ/N,1
472,vanity,vaidade,4.45,1.58,5.00,1.71,5.08,1.71,11.78,7,3,N,2
473,vehicle,veículo,5.68,1.12,5.24,2.21,5.59,2.34,60.02,7,4,N,0
474,venom,veneno,2.25,1.24,6.17,1.53,3.46,1.88,8.27,6,3,N,0
475,victory,vitória,7.68,1.39,6.50,2.87,7.13,3.01,191.17,7,3,N,0
476,vigorous,vigoroso,6.43,1.50,4.72,2.41,5.43,2.39,9.62,8,4,ADJ,1
477,village,povoação,5.61,1.00,4.92,1.50,5.04,1.81,32.14,8,4,N,0
478,violent,violento,2.31,1.51,7.07,1.84,4.63,2.57,51.39,8,4,ADJ,0
479,virtue,virtude,7.36,1.40,3.35,2.49,6.20,2.15,42.57,7,3,N,0
480,vision,visão,6.46,1.98,3.90,2.29,5.58,2.55,62.80,5,2,N,6
481,vomit,vómito,2.40,1.22,5.75,2.08,3.81,2.45,6.54,6,3,N,0
482,war,guerra,2.14,1.51,5.18,2.67,3.10,2.10,226.03,6,2,N,1
483,warmth,calor,6.59,2.31,5.26,2.28,5.69,2.41,80.87,5,2,N,3
484,wasp,vespa,3.71,1.62,5.77,2.25,3.92,1.87,2.84,5,2,N,0
485,waste,desperdício,2.73,1.30,5.87,1.82,4.18,2.10,8.94,11,4,N,1
486,water,água,7.13,1.56,3.59,2.64,5.79,2.23,514.98,4,2,N,3
487,waterfall,cascata,7.31,1.35,3.66,1.93,4.91,2.24,5.80,7,3,N,0
488,wealthy,endinheirado,6.59,1.85,4.52,2.20,4.94,2.67,1.67,12,5,ADJ,0
489,weapon,arma,2.81,1.64,6.70,2.02,3.62,2.30,110.42,4,2,N,8
490,weary,cansado,2.90,0.79,4.43,2.59,5.53,2.17,34.42,7,3,ADJ,2
491,wedding,casamento,6.59,1.95,5.11,2.72,6.09,2.08,83.71,9,4,N,0
492,whore,rameira,3.86,2.26,4.75,2.69,4.00,2.05,UnAv,7,3,ADJ/N,0
493,wicked,malvado,2.43,1.17,6.77,1.52,3.86,1.81,2.96,7,3,ADJ/N,0
494,win,ganhar,7.97,1.07,7.32,1.85,5.84,2.64,319.73,6,2,V,1
495,window,janela,6.18,1.42,3.33,2.07,5.55,2.10,127.02,6,3,N,3
496,wine,vinho,5.78,1.61,4.67,2.56,5.96,2.19,142.99,5,2,N,6
497,wise,sábio,7.26,1.36,3.88,1.95,6.07,2.18,18.20,5,2,ADJ/N,1
498,woman,mulher,6.91,1.65,4.59,2.47,5.63,2.20,625.71,6,2,N,0
499,wonder,admiração,7.06,1.30,5.03,2.40,5.58,2.01,15.98,9,4,N,0
500,world,mundo,7.02,1.81,4.77,2.60,5.34,2.41,477.96,5,2,N,4
501,astronaut,astronauta,5.57,0.88,4.42,1.72,5.90,1.65,4.01,10,4,N,0
502,bath,banho,7.41,1.24,3.08,2.43,6.97,2.32,70.82,5,2,N,10
503,cash,numerário,4.53,1.55,3.93,2.12,4.71,1.68,1.60,9,4,N,0
504,cat,gato,6.49,1.54,4.00,2.02,5.80,2.29,35.90,4,2,N,14
505,chocolate,chocolate,7.79,1.34,4.22,2.78,6.81,2.57,13.45,9,4,N,0
506,couple,casal,6.89,2.03,5.36,2.22,5.38,2.20,57.93,5,2,N,7
507,dancer,bailarino,6.48,1.32,4.30,2.11,4.72,1.87,8.64,9,4,N,1
508,desire,anseio,4.21,1.58,6.59,1.85,3.75,1.98,7.53,6,3,N,1
509,dinner,jantar,6.80,1.26,4.32,2.06,5.61,2.11,104.13,6,2,N/V,2
510,diver,mergulhador,5.57,1.29,3.63,2.16,5.12,2.37,1.67,11,4,N,0
511,dog,cão,7.13,1.39,4.79,2.61,4.42,2.47,72.92,3,1,N,10
512,erotic,erótico,6.42,1.27,5.58,2.77,6.41,1.89,6.97,7,4,ADJ,1
513,fireworks,fogo-de-artifício,6.75,2.00,6.24,1.94,5.00,2.36,5.24,17,5,N,0
514,food,comida,6.83,1.88,4.64,2.60,5.96,2.27,32.51,6,3,N,0
515,gymnast,ginasta,5.63,1.17,4.40,2.18,5.67,1.46,1.97,7,3,N,UnAv
516,infatuation,capricho,4.55,1.59,4.91,2.43,3.85,2.17,11.29,8,3,N,0
517,kitten,gatinho,6.97,1.74,2.94,1.97,5.58,1.93,UnAv,7,3,V/N,UnAv
518,lion,leão,5.52,1.94,5.48,2.08,4.52,2.37,30.29,4,2,N,4
519,lust,luxúria,5.86,1.81,5.31,1.73,5.56,2.04,2.10,7,3,N,0
520,nude,despido,5.52,2.05,5.68,2.58,5.04,1.93,UnAv,7,3,V,0
521,outdoors,exterior,6.09,1.24,4.08,2.65,5.71,1.87,87.04,8,4,ADJ/N,0
522,owl,coruja,5.08,1.76,3.79,1.97,4.87,1.38,3.15,6,3,N,2
523,pancakes,crepe,7.06,1.73,4.63,2.28,5.59,2.10,3.02,5,2,N,2
524,pasta,massa,6.32,1.33,3.56,2.08,5.93,1.64,112.21,5,2,N,5
525,people,gente,6.07,1.39,4.93,2.09,5.26,1.68,427.32,5,2,N,7
526,pizza,pizza,7.10,1.37,4.41,2.00,6.33,1.43,1.73,5,2,N,UnAv
527,rabbit,coelho,5.88,1.61,3.75,2.16,5.17,2.36,9.62,6,3,N,2
528,rollercoaster,montanha-russa,6.44,1.92,7.70,1.72,4.57,2.46,UnAv,14,4,N,UnAv
529,sailboat,veleiro,6.21,1.45,3.42,2.34,5.50,2.42,5.37,7,3,N,3
530,sexy,sexy,7.05,1.32,5.98,2.25,6.03,2.04,1.23,4,2,ADJ,UnAv
531,skijump,baloiço,6.98,1.46,4.14,2.21,6.18,2.21,2.28,7,3,N,0
532,sun,sol,8.00,1.06,4.80,3.01,6.27,2.63,130.53,3,1,N,7
533,clouds,nuvens,6.62,2.20,3.50,2.72,6.19,2.54,UnAv,6,2,N,UnAv
534,garter,liga,5.18,1.61,4.58,1.89,5.17,1.48,25.91,4,2,N,8
535,golfer,golfista,4.89,1.30,3.85,2.00,5.19,1.35,1.30,8,3,N,UnAv
536,hawk,falcão,5.23,1.50,4.80,2.38,4.52,2.37,3.27,6,2,N,1
537,man,homem,6.67,1.42,5.42,1.71,5.38,1.24,863.76,5,2,N,0
538,nurse,enfermeira,5.64,1.28,4.24,1.56,5.00,1.83,UnAv,10,4,ADJ/N,UnAv
539,plane,avião,6.75,1.61,4.58,2.62,4.22,1.87,69.58,5,3,N,2
540,tennis,ténis,5.72,1.37,4.09,2.11,5.03,1.66,22.45,5,2,N,1
541,bus,autocarro,4.43,1.48,4.59,2.24,5.05,1.86,40.16,9,4,N,0
542,white,branco,6.33,1.47,2.67,2.03,5.81,2.24,243.79,6,2,ADJ/N,6
543,black,preto,5.42,1.92,3.94,1.81,5.31,1.57,62.31,5,2,ADJ/N,6
544,blue,azul,6.47,1.90,4.13,2.21,5.26,2.31,104.93,4,2,ADJ/N,0
545,yellow,amarelo,5.71,1.51,4.13,1.89,5.45,1.80,73.53,7,4,ADJ/N,1
546,adult,adulto,5.52,1.23,3.84,1.91,6.00,2.30,47.75,6,3,ADJ/N,1
547,basket,cesto,5.36,0.66,4.11,1.84,5.05,2.01,17.46,5,2,N,8
548,bathroom,sanitário,4.10,1.81,3.60,2.29,4.70,1.66,29.49,9,4,ADJ/N,0
549,bed,cama,7.02,1.32,2.44,1.99,5.54,2.61,115.05,4,2,N,21
550,building,edifício,5.21,1.19,3.94,2.03,4.91,2.06,136.39,8,4,N,0
551,car,carro,5.97,1.61,4.30,2.80,5.32,2.02,180.69,5,2,N,14
552,computer,computador,6.73,1.46,5.22,2.68,6.00,2.05,100.98,10,4,N,1
553,cliff,precipício,2.97,1.46,6.71,1.69,3.87,2.42,4.26,10,4,N,0
554,cow,vaca,5.07,1.59,3.80,1.79,5.28,1.71,33.00,4,2,N,12
555,dustpan,apanhador,4.46,1.28,4.44,2.03,5.06,2.25,UnAv,9,4,ADJ/N,UnAv
556,face,face,6.15,1.23,3.88,2.00,5.00,1.13,72.36,4,2,N,3
557,farm,quinta,5.91,1.57,4.12,2.07,5.04,1.56,29.92,6,2,N,4
558,field,campo,6.73,1.72,2.96,2.05,6.21,2.17,264.77,5,2,N,3
559,fish,peixe,5.67,1.41,3.62,2.08,5.33,2.14,94.88,5,2,N,1
560,fork,garfo,5.08,1.61,3.29,2.31,6.11,2.49,7.77,5,2,N,2
561,hairdryer,secador,5.09,0.96,3.85,1.80,4.89,1.72,1.67,7,3,N,UnAv
562,highway,auto-estrada,5.34,1.64,4.58,1.84,4.26,2.28,47.25,12,4,N,0
563,house,casa,8.00,1.12,3.85,2.71,5.91,2.58,783.26,4,2,N,19
564,hydrant,boca-de-incêndio,4.83,1.46,4.69,1.94,4.21,1.73,1.17,16,4,N,UnAv
565,iron,ferro,4.76,1.30,3.62,1.81,4.93,1.36,113.45,5,2,N,8
566,lightbulb,lâmpada,5.55,0.99,3.59,2.03,5.63,2.19,18.38,7,3,N,0
567,mushroom,cogumelo,5.48,1.63,3.88,2.03,5.52,2.23,16.04,8,4,N,0
568,office,escritório,4.89,0.99,4.56,1.94,4.66,1.37,40.78,10,4,N,0
569,rain,chuva,4.63,2.10,4.44,2.43,3.96,2.17,113.45,5,2,N,2
570,red,vermelho,5.05,1.68,4.97,1.83,5.77,1.82,90.81,8,3,ADJ/N,1
571,runner,atleta,6.23,1.31,5.29,2.14,5.13,1.67,50.65,6,3,N,0
572,sky,firmamento,5.61,1.40,2.95,1.69,5.14,1.59,2.96,10,4,N,0
573,skyscraper,arranha-céu,5.33,1.55,4.67,1.84,4.73,1.48,UnAv,11,3,N,UnAv
574,space,espaço,6.22,1.25,3.29,2.31,5.47,2.07,834.15,6,3,N,0
575,snow,neve,6.62,1.57,4.06,2.32,5.41,2.05,52.07,4,2,N,4
576,swimmer,nadador,6.14,1.47,4.72,1.98,5.25,2.12,5.31,7,3,ADJ/N,0
577,truck,camião,4.86,0.52,3.58,2.09,5.72,1.75,31.65,6,3,N,1
578,umbrella,guarda-chuva,4.07,1.59,4.00,2.15,4.72,1.99,4.01,12,4,N,UnAv
579,violin,violino,7.00,1.51,3.27,2.22,5.27,1.83,12.83,7,4,N,0
580,watch,vigilância,4.94,1.74,4.68,1.94,4.81,2.02,26.09,10,4,N,0
581,addict,viciar,3.55,1.56,5.50,2.27,3.88,2.70,4.69,6,3,V,2
582,alcoholic,alcoólico,3.14,2.35,6.62,1.94,4.43,2.63,29.06,9,5,ADJ/N,0
583,bees,abelhas,3.73,2.17,6.74,2.07,4.08,2.43,UnAv,7,3,N,UnAv
584,bloody,sangrento,2.40,1.94,7.12,1.90,3.82,2.81,8.45,9,3,ADJ,0
585,boxer,pugilista,3.75,1.46,5.46,1.79,4.25,1.97,1.97,9,4,N,UnAv
586,burn,queimadura,2.11,1.23,6.59,1.76,4.19,2.09,3.82,10,4,N,0
587,cell,célula,5.00,0.00,4.33,1.86,3.77,1.73,32.82,6,3,N,1
588,dead,morto,1.45,0.94,6.32,2.12,3.05,2.58,180.38,5,2,ADJ/N,8
589,dentist,dentista,4.55,1.58,5.38,1.61,3.69,1.93,3.45,8,3,N,0
590,dirty,sujo,2.50,1.33,5.59,2.31,5.71,2.33,27.88,4,2,ADJ/N,3
591,drown,afogar-se,1.79,1.10,7.18,2.38,2.75,2.00,UnAv,9,3,V,UnAv
592,fear,medo,2.62,1.74,7.29,1.35,3.00,2.07,139.97,4,2,N,9
593,gun,fuzil,2.12,2.52,2.42,2.78,3.40,2.92,0.68,5,2,N,1
594,hit,golpe,2.79,1.34,5.51,2.13,4.09,1.88,39.30,5,2,N,2
595,injury,lesão,2.69,1.67,5.21,2.73,3.27,1.54,43.55,5,2,N,2
596,knife,faca,3.59,1.39,5.38,1.97,4.00,2.05,26.65,4,2,N,12
597,lesbian,lésbica,5.08,1.36,4.48,2.03,5.19,1.57,0.74,7,3,N,UnAv
598,lightning,relâmpago,4.80,1.94,6.41,1.84,4.08,2.41,4.87,9,4,N,0
599,masturbate,masturbar-se,5.60,2.00,5.95,1.95,6.13,2.30,UnAv,12,3,V,0
601,panic,pânico,2.50,1.63,7.26,2.22,3.66,2.70,15.18,6,3,N,1
602,pus,pus,2.86,1.46,5.58,1.73,3.88,1.85,0.86,3,1,N,2
603,rifle,espingarda,2.93,1.60,7.15,1.29,4.35,2.39,12.09,10,4,N,0
604,scared,assustado,3.00,1.28,5.71,2.31,4.43,2.52,10.86,9,4,ADJ,UnAv
605,scream,grito,3.92,1.98,7.10,1.80,4.18,1.47,55.89,5,2,N,4
606,shark,tubarão,3.95,1.39,6.14,2.08,4.25,1.80,4.81,7,3,N,0
607,sick,doente,2.58,1.52,5.66,2.09,3.48,2.64,125.78,6,3,ADJ/N,3
608,skull,crânio,5.48,1.20,3.95,2.04,5.60,2.46,7.09,6,2,N,1
609,snake,serpente,3.33,1.65,5.68,2.21,4.62,1.50,8.76,8,3,N,1
610,spider,aranha,3.24,1.97,5.53,2.24,5.10,2.12,7.90,6,3,N,1
611,starving,faminto,2.65,1.26,5.00,2.38,3.56,1.98,3.27,7,3,ADJ,0
612,surgery,cirurgia,3.23,1.54,6.21,2.17,3.38,2.13,8.20,8,4,N,0
613,tank,tanque,4.62,1.13,4.74,1.86,4.86,1.49,17.40,6,2,N,1
614,terrorist,terrorista,2.13,1.48,6.69,1.82,3.18,2.58,14.62,10,4,ADJ/N,0
615,trash,lixo,2.52,1.40,5.41,2.35,4.13,2.28,40.41,4,2,N,5
616,trauma,trauma,2.18,1.36,7.14,1.81,3.26,2.28,2.41,6,2,N,1
617,urine,urina,3.81,1.49,5.13,1.19,5.61,1.92,6.42,5,3,N,3
618,victim,vítima,2.23,1.21,6.21,2.14,4.15,2.18,106.84,6,3,N,0
619,volcano,vulcão,4.59,1.89,6.51,2.18,4.00,2.61,8.64,6,2,N,1
620,wounds,feridas,2.85,1.37,5.52,1.90,3.96,1.77,UnAv,7,3,N/V,UnAv
621,abduction,rapto,1.69,1.02,7.82,1.21,3.42,2.98,4.26,5,3,N,5
622,abortion,aborto,2.89,1.69,5.77,2.16,4.72,2.42,29.49,6,3,N,2
623,absurd,absurdo,4.04,1.29,4.32,2.18,4.65,1.75,28.19,7,3,ADJ/N,0
624,abundance,abundância,6.44,1.54,5.03,2.14,5.81,2.12,14.00,10,4,N,0
625,acceptance,aprovação,7.23,1.18,5.63,2.73,6.21,2.62,34.30,9,4,N,1
626,ace,ás,6.28,1.75,3.83,2.53,5.00,2.45,2.10,2,1,N,4
627,ache,dor,1.62,1.01,7.37,1.75,2.91,2.19,78.41,3,1,N,9
628,addicted,viciado,2.83,1.73,5.69,2.31,4.80,2.67,1.23,7,4,ADJ/N,UnAv
629,advantage,vantagem,7.24,1.26,5.29,2.34,6.46,2.08,102.77,8,3,N,0
630,adventure,aventura,7.27,1.04,7.27,1.89,5.19,2.45,32.57,8,4,N,1
631,agreement,acordo,6.13,1.28,3.57,1.98,5.48,2.21,318.25,6,3,N,1
632,air,ar,6.87,1.41,2.83,2.69,4.32,2.55,265.82,2,1,N,16
633,alien,extraterrestre,4.93,1.58,5.16,2.59,5.13,2.54,2.04,14,5,N,0
634,alimony,sustento,5.33,1.27,4.32,2.00,5.24,2.26,4.87,8,3,N,0
635,alive,vivo,8.00,1.47,5.14,3.14,7.08,2.02,142.93,4,2,ADJ/N,6
636,allergy,alergia,5.28,3.02,6.41,2.12,3.46,2.24,2.59,7,4,N,0
637,alley,beco,3.88,1.62,4.88,2.41,5.63,2.57,6.29,4,2,N,5
638,ankle,tornozelo,4.98,0.89,3.77,1.91,5.00,2.31,3.33,9,4,N,0
639,answer,resposta,5.57,1.19,4.18,1.82,5.00,1.91,162.24,8,3,N,0
640,applause,aplausos,7.76,1.13,6.45,2.06,6.38,2.30,UnAv,8,3,N,UnAv
641,appliance,electrodoméstico,4.95,1.38,3.97,2.02,4.86,1.98,6.97,16,7,N,0
642,arm,braço,5.65,1.25,3.63,1.79,6.31,1.79,162.49,5,2,N,7
643,art,arte,7.50,1.37,4.42,2.31,5.26,2.64,180.44,4,2,N,6
644,athletics,desporto,6.69,1.55,5.97,2.39,5.97,2.12,670.31,8,3,N,1
645,avalanche,avalanche,3.29,1.54,5.96,2.18,3.38,1.88,1.97,9,4,N,UnAv
646,avenue,avenida,5.56,1.24,4.65,1.65,5.87,2.30,20.36,7,4,N,0
647,bake,assar,5.16,1.80,4.65,2.15,4.30,1.67,7.03,5,2,V,8
648,bandage,ligadura,3.51,1.79,4.33,1.97,4.14,2.15,0.86,8,4,N,0
649,banner,cartaz,5.36,1.39,3.71,2.17,6.18,2.10,29.30,6,2,N,2
650,bar,bar,6.25,1.16,4.82,2.25,5.16,2.35,36.70,3,1,N,6
651,barrel,barril,5.48,1.18,4.50,1.48,4.69,1.30,7.65,6,2,N,2
652,bathtub,banheira,6.12,1.67,3.96,2.22,5.33,2.52,4.75,8,3,N,2
653,beast,besta,3.50,1.63,5.69,1.25,4.22,2.24,9.13,5,2,N,10
654,beautiful,belo,7.32,1.46,3.77,2.52,5.10,2.66,98.02,4,2,ADJ/N,9
655,bench,banco,5.40,1.24,3.61,2.28,4.50,1.73,130.72,5,2,N,9
656,bereavement,pesar,3.22,1.85,5.00,2.11,4.29,1.93,40.84,5,2,N/V,11
657,beverage,bebida,5.72,1.28,5.04,1.92,5.07,1.49,21.59,6,3,N,0
658,bland,insípido,3.63,1.67,3.76,2.28,3.83,2.08,1.67,8,4,ADJ,0
659,blasphemy,blasfémia,2.81,1.65,4.89,2.75,4.37,2.19,1.05,9,3,N,0
660,bliss,sorte,7.73,1.32,6.29,2.26,5.16,2.10,72.67,5,2,N,5
661,blister,bolha,4.59,1.46,4.56,2.09,4.67,1.86,3.33,5,2,N,7
662,blond,loiro,5.70,1.40,3.95,1.86,5.16,2.09,UnAv,5,2,ADJ/N/V,3
663,blubber,gordura,2.72,1.45,5.65,2.39,5.06,1.81,21.53,7,3,N,1
664,board,painel,4.79,1.53,4.25,1.76,4.70,2.58,32.70,6,2,N,0
665,body,corpo,5.75,1.32,5.10,1.45,5.45,1.92,318.56,5,2,N,8
666,bottle,garrafa,5.37,0.93,3.85,1.90,4.89,1.41,31.21,7,3,N,1
667,bouquet,bouquet,6.44,1.23,3.92,2.52,5.00,2.21,0.80,7,2,N,UnAv
668,brave,valente,6.47,1.39,4.94,2.03,5.65,2.33,8.33,7,3,ADJ/N,1
669,breeze,brisa,7.06,1.39,2.28,2.15,5.53,2.15,5.74,5,2,N,6
670,bride,noiva,6.32,2.00,5.42,2.52,4.86,2.78,UnAv,5,2,N/V,UnAv
671,bright,brilhante,7.84,1.25,5.26,2.49,6.31,1.97,47.38,9,3,ADJ/N,0
672,broken,quebrado,3.33,1.29,5.59,1.99,4.90,1.88,2.16,8,3,ADJ,1
673,bullet,bala,2.37,1.42,6.67,1.96,4.59,2.53,13.63,4,2,N,19
674,busybody,intrometido,3.57,1.36,6.03,2.05,4.73,1.60,UnAv,11,5,V,0
675,cabinet,armário,5.04,1.24,3.05,1.87,4.83,1.87,25.17,7,3,N,0
677,cane,bengala,4.15,1.44,3.62,1.61,4.75,1.45,5.31,7,3,N,0
678,cannon,canhão,3.55,1.39,4.40,2.35,3.65,1.67,7.83,6,2,N,4
679,carcass,carcaça,3.89,1.45,4.30,1.81,5.42,1.86,4.75,7,3,N,3
680,casino,casino,5.27,1.51,4.88,2.09,4.92,1.18,13.51,6,3,N,3
681,cellar,adega,5.09,1.27,4.41,1.50,5.13,1.52,5.80,5,3,N,1
682,champ,campeão,7.90,1.41,6.26,2.60,6.31,2.05,62.86,7,3,N,0
683,chance,oportunidade,7.84,1.13,6.06,2.43,5.64,2.25,111.16,12,6,N,0
684,chaos,caos,3.32,2.11,7.18,2.05,5.29,2.88,16.96,4,1,N,2
685,chin,queixo,4.88,0.97,3.95,1.94,4.86,2.18,12.52,6,2,N,2
686,christmas,natal,8.26,1.20,5.44,3.25,7.29,1.52,15.98,5,2,ADJ/N,4
687,circle,círculo,5.03,1.00,3.71,1.88,5.80,1.58,44.29,7,3,N,0
688,clock,relógio,5.11,1.20,4.97,2.15,4.76,2.40,40.34,7,3,N,0
689,clumsy,desajeitado,3.78,1.45,4.58,2.06,4.22,2.35,2.78,11,5,ADJ,0
690,coarse,grosseiro,2.78,1.67,6.06,2.24,4.58,2.51,11.29,9,3,ADJ/N,0
691,coast,costa,5.81,1.73,4.19,2.21,5.23,1.88,26.53,5,2,N,10
692,coin,moeda,5.86,1.46,5.31,1.62,5.04,2.20,131.34,5,3,N,4
693,cold,frio,4.35,2.24,4.67,2.17,4.81,2.26,143.24,4,2,ADJ/N,7
694,color,cor,7.12,1.47,5.09,2.55,5.69,2.37,161.56,3,1,N,6
695,column,coluna,4.82,0.82,3.89,2.26,5.08,1.89,40.41,6,3,N,1
696,comfort,conforto,7.61,1.75,2.31,2.05,6.69,2.09,21.84,8,3,N,0
697,cook,cozinheiro,5.62,1.60,4.10,1.99,4.74,1.74,11.47,10,4,N,1
698,cord,cordel,4.58,1.02,4.24,1.96,5.03,1.30,3.70,6,2,N,2
699,cork,rolha,5.11,0.64,3.04,1.99,4.35,1.96,3.89,5,2,N,8
700,corner,esquina,4.71,1.10,4.63,1.92,5.38,1.61,21.53,7,3,N,2
701,corridor,corredor,4.97,0.87,4.16,1.77,4.43,1.78,6.23,8,3,ADJ/N,1
702,corrupt,corrupto,2.15,1.46,5.75,2.77,4.82,2.56,3.39,8,3,ADJ/N,1
703,coward,cobarde,2.19,1.19,5.90,2.15,3.95,2.26,5.98,7,3,ADJ/N,1
704,crime,crime,1.95,1.32,6.69,2.47,3.59,2.43,95.37,5,2,N,2
705,criminal,criminoso,2.63,1.83,6.81,1.99,3.48,2.42,18.51,9,4,ADJ/N,0
706,crisis,crise,2.29,1.53,5.86,2.26,3.48,2.42,119.12,5,2,N,2
707,crude,bruto,2.20,1.15,5.91,2.13,4.65,2.09,22.58,5,2,ADJ/N,2
708,crutch,muleta,3.92,1.10,4.17,2.04,3.63,1.99,4.38,6,3,N,1
709,cuisine,cozinha,6.28,1.36,4.41,2.17,5.50,1.76,80.87,7,3,N,1
710,curtains,cortinas,5.12,0.93,3.56,2.10,5.59,2.26,UnAv,8,3,N/V,UnAv
711,cut,corte,3.85,1.44,5.73,2.21,3.89,2.19,27.57,5,2,N,6
712,damage,dano,3.21,1.73,5.83,1.87,3.32,1.62,22.27,4,2,N,5
713,danger,perigo,3.14,1.38,7.41,1.48,3.78,2.41,80.69,6,3,N,1
714,dark,escuro,4.23,1.45,4.35,2.13,4.91,1.93,85.25,6,3,ADJ/N,2
715,dawn,madrugada,5.73,1.72,3.69,2.29,5.58,2.37,54.29,9,4,N,0
716,daylight,dia,6.72,1.54,4.57,2.73,5.57,1.85,1380.59,3,2,N,10
717,dazzle,deslumbramento,6.44,1.68,4.37,2.27,5.04,2.05,4.38,14,5,N,0
718,deceit,engano,3.33,1.49,5.10,1.83,4.45,1.92,12.52,6,3,N,1
719,decorate,decorar,5.69,1.42,4.30,1.66,5.00,2.24,21.04,7,3,V,4
720,deformed,disforme,3.54,1.77,4.24,1.77,4.25,2.43,2.71,8,3,ADJ,0
721,delayed,atrasado,3.42,1.78,6.31,2.54,5.57,2.46,26.28,8,4,ADJ/N,2
722,derelict,abandonado,1.96,1.04,5.95,1.94,4.14,2.45,39.30,10,5,ADJ/N,UnAv
723,destruction,destruição,2.36,2.44,7.14,2.22,5.13,3.00,37.07,10,4,N,0
724,detail,detalhe,6.24,1.48,4.33,2.45,6.52,1.78,13.94,7,3,N,0
725,dirt,sujidade,2.64,1.31,5.47,2.14,4.48,2.09,3.15,8,4,N,1
726,discomfort,incómodo,3.56,1.39,6.26,1.48,3.83,1.82,19.62,8,4,ADJ/N,0
727,disturb,perturbar,2.97,1.42,5.89,1.59,4.77,2.20,25.48,9,3,V,0
728,doll,boneca,5.77,1.79,4.35,2.10,5.67,1.71,UnAv,6,3,N,2
729,dollar,dólar,5.97,1.90,4.72,1.90,4.57,2.02,104.01,5,2,N,0
730,dove,pomba,5.19,1.47,3.94,2.04,5.32,0.91,7.09,5,2,N,5
731,dreary,sinistro,2.69,1.63,6.45,1.82,3.91,1.85,13.51,8,3,ADJ/N,2
732,dummy,manequim,5.44,1.00,4.27,1.84,5.07,1.54,4.26,8,3,N,0
733,dump,lixeira,2.73,1.50,5.60,1.67,4.73,1.66,11.60,7,3,N,1
734,easy,fácil,6.70,1.47,3.22,2.28,6.79,2.19,138.55,5,2,ADJ,0
735,ecstasy,êxtase,7.37,1.34,7.08,1.89,6.45,1.76,6.05,6,3,N,0
736,egg,ovo,5.58,1.12,3.52,2.04,4.58,1.95,70.33,3,2,N,5
737,elbow,cotovelo,4.82,0.81,3.62,1.92,5.20,1.68,8.88,8,4,N,0
738,elevator,elevador,4.94,1.21,3.89,1.91,5.36,1.91,11.23,8,4,N,0
740,event,acontecimento,5.70,1.33,5.03,1.90,5.67,1.63,80.20,13,6,N,0
741,evil,malévolo,2.53,1.61,5.05,2.20,3.82,1.94,1.23,8,4,ADJ,0
742,fabric,tecido,5.26,0.87,4.44,1.34,4.79,1.31,38.86,6,3,ADJ/N,0
743,fall,queda,3.09,1.31,6.72,1.62,3.48,1.64,83.34,5,2,N,2
744,false,falso,2.49,1.15,6.08,2.15,4.48,1.99,49.04,5,2,ADJ/N,UnAv
745,famous,famoso,6.43,1.45,5.21,2.17,5.72,1.89,57.00,6,3,ADJ/N,0
746,fantasy,fantasia,7.15,1.12,5.34,2.78,5.27,2.43,23.63,8,4,N,2
747,fault,culpa,2.13,1.17,6.34,2.10,3.64,2.15,48.92,5,2,N,1
748,favor,favor,5.43,1.15,3.88,1.95,5.52,1.82,93.95,5,2,N,3
749,festive,festivo,7.90,1.26,7.39,1.78,6.62,1.72,8.45,7,3,ADJ,0
750,fever,febre,2.58,1.13,5.45,2.27,3.48,2.11,30.66,5,2,N,2
751,fight,luta,3.91,1.88,7.17,1.65,4.92,2.52,129.73,4,2,N,10
752,finger,dedo,5.14,1.17,3.83,1.84,5.40,2.10,91.85,4,2,N,7
753,flag,bandeira,5.26,0.67,4.63,2.43,5.54,1.92,41.76,8,3,N,1
754,flirt,namoriscar,7.91,0.93,6.43,2.61,6.00,2.71,0.56,10,4,V,0
755,flood,inundação,2.29,1.27,6.18,1.63,3.15,1.86,16.10,9,4,N,0
756,foam,espuma,6.31,1.46,3.78,1.96,4.68,1.78,14.19,6,3,N,2
757,foot,pé,5.10,1.17,3.71,2.05,4.57,2.03,262.12,2,1,N,8
758,frigid,gélido,3.28,1.55,5.42,1.98,4.30,2.51,2.34,6,3,ADJ,0
759,fun,diversão,8.23,0.88,6.27,2.39,6.20,2.31,7.77,8,3,N,1
760,game,jogo,6.22,1.48,5.54,2.30,6.08,1.87,454.95,4,2,N,5
761,garden,jardim,7.16,1.14,2.93,2.00,5.56,2.02,122.82,6,2,N,0
762,garment,vestuário,5.94,1.28,4.21,2.08,5.19,2.00,18.88,9,4,N,2
763,gender,género,5.22,1.04,3.39,1.97,5.38,1.31,94.20,6,3,N,1
764,germs,germes,3.16,1.68,4.15,2.36,3.70,1.72,UnAv,6,2,N,
765,glass,vidro,5.14,1.13,3.83,1.97,4.33,1.91,57.62,5,2,N,2
766,good,bom,7.30,1.35,4.16,2.63,4.20,3.00,735.70,3,1,ADJ/ADV/INT/N,7
767,gossip,bisbilhotice,4.15,1.93,5.19,1.89,5.00,2.13,1.23,12,5,N,0
768,grass,relva,5.93,1.59,2.95,2.14,5.64,2.31,12.77,5,2,N,2
769,greed,avareza,3.18,1.79,4.97,2.26,4.59,2.18,0.62,7,4,N,0
770,greet,cumprimentar,6.84,1.36,4.35,2.27,6.19,1.78,12.89,12,4,V,0
771,grenade,granada,2.42,1.38,7.00,1.77,2.97,2.16,4.69,7,3,N,0
772,grime,sebo,2.94,2.13,4.47,2.90,2.86,2.25,1.42,4,2,N,7
773,grin,sorriso,8.13,1.07,4.68,2.96,6.80,1.85,70.82,7,3,N,0
774,gripe,queixa,2.91,1.31,5.12,2.01,4.67,2.08,60.02,6,2,N,3
775,habit,hábito,5.19,1.10,3.09,1.90,5.68,2.11,63.72,6,3,N,1
776,hairpin,gancho,4.97,1.28,3.97,2.13,5.48,1.79,4.07,6,2,N,4
777,hamburger,hambúrger,5.60,1.71,4.23,2.08,5.49,2.10,UnAv,9,3,N,UnAv
778,hand,mão,5.97,1.45,3.78,1.70,5.92,1.73,486.29,3,1,N,10
779,handicap,desvantagem,3.62,1.50,4.55,1.50,4.68,1.89,14.56,11,4,N,0
780,haphazard,casual,5.10,1.30,3.73,1.95,5.35,1.92,2.84,6,3,ADJ,2
781,hard,difícil,3.74,1.66,6.33,2.03,4.21,2.18,213.75,7,3,ADJ/N,0
782,hardship,adversidades,3.61,1.44,6.29,1.71,4.43,2.30,UnAv,12,5,N,UnAv
783,hat,chapéu,5.43,1.01,3.47,1.92,4.81,2.22,41.21,6,2,N,0
784,hay,feno,4.58,1.63,3.96,1.79,4.78,1.67,3.08,4,2,N,5
785,headlight,farolim,4.56,1.41,3.86,1.87,3.77,1.92,UnAv,7,3,N,0
786,heal,curar,7.33,1.80,5.11,2.66,5.50,2.14,12.77,5,2,V,10
787,heart,coração,7.00,2.11,5.06,2.01,5.76,2.41,136.52,7,3,N,5
788,hell,inferno,3.00,1.94,6.17,1.97,3.89,1.99,24.06,7,3,N,2
789,heroin,heroína,4.91,2.42,5.48,2.31,5.86,2.29,18.75,7,4,N,0
790,hinder,dificultar,3.17,1.32,6.21,1.95,4.65,2.35,20.97,10,4,V,0
791,holiday,feriado,7.58,1.34,4.44,2.55,5.86,2.34,9.01,7,4,N,1
792,honey,mel,5.97,1.87,3.76,2.44,5.77,2.07,18.01,3,1,N,6
793,hooker,prostituta,3.45,1.44,4.36,1.83,4.43,1.83,UnAv,10,4,N,1
794,hope,esperança,7.53,1.61,3.32,2.20,6.13,2.23,96.36,9,4,N,1
795,hotel,hotel,6.12,1.32,3.31,2.20,5.00,1.94,73.04,5,2,N,1
796,humane,humano,6.81,1.62,3.76,2.18,5.79,2.08,235.10,6,3,ADJ/N,0
797,humiliate,humilhar,1.66,1.11,6.96,2.34,4.13,2.47,8.64,8,3,V,0
798,hurricane,furacão,3.70,1.92,6.91,1.70,3.91,2.66,2.34,7,3,N,0
799,icebox,geleira,4.76,1.48,3.10,2.13,4.80,2.22,UnAv,7,3,N,1
800,idea,ideia,6.82,1.38,4.68,2.18,5.83,2.18,290.92,5,3,N,0
801,identity,identidade,6.56,1.36,4.23,2.18,6.45,2.23,35.90,10,5,N,0
802,idol,ídolo,6.03,1.25,4.44,2.30,4.87,1.87,5.68,5,3,N,1
803,ignorance,ignorância,2.57,1.22,4.17,1.72,4.35,1.84,14.44,10,4,N,0
804,illness,doença,2.19,1.49,5.54,2.67,3.76,2.30,185.99,6,3,N,0
805,imagine,imaginar,7.76,1.23,5.53,2.81,6.73,2.47,80.07,8,4,V,0
806,immature,imaturo,2.94,1.46,6.00,1.29,4.83,2.24,1.05,7,4,ADJ,0
807,immoral,imoral,2.98,1.70,5.87,1.88,5.09,1.84,3.08,6,3,ADJ,2
808,impair,afectar,3.56,1.50,5.96,2.35,4.61,2.25,107.96,7,3,V,0
809,incentive,incentivo,6.56,1.88,4.69,2.27,5.59,1.97,22.15,9,4,N,0
810,indifferent,indiferente,3.92,1.64,4.12,2.53,4.39,1.84,27.27,11,5,ADJ/N,0
811,infant,infante,5.27,1.03,4.00,1.56,4.61,1.82,11.72,7,3,N,0
812,inferior,inferior,3.22,1.36,5.24,1.98,4.26,2.23,95.25,8,4,ADJ/N,2
813,inhabitant,habitante,5.31,0.89,3.69,2.00,4.64,1.66,80.57,9,4,N,0
814,innocent,inocente,5.33,1.61,3.86,2.49,5.71,2.12,22.89,8,4,ADJ/N,0
815,insane,demente,2.57,1.50,5.47,2.21,4.06,1.85,1.60,7,3,ADJ/N,3
816,insect,insecto,4.12,2.04,5.07,2.16,4.67,1.84,16.84,7,3,N,2
817,insult,insulto,2.18,1.05,7.20,1.55,4.45,2.38,11.60,7,3,N,2
818,intellect,intelecto,6.24,1.46,4.50,2.20,6.09,2.07,1.17,9,4,N,0
819,intercourse,coito,6.08,2.17,5.80,2.23,5.26,2.05,2.04,5,2,N,5
821,intimate,íntimo,6.82,1.63,4.87,2.72,5.82,2.14,35.53,6,3,ADJ/N,1
822,intruder,intruso,2.92,1.68,5.64,2.69,3.81,1.94,3.33,7,3,ADJ/N,0
823,invader,invasor,2.67,1.12,6.38,1.92,3.72,2.64,8.08,7,3,ADJ/N,0
824,invest,investir,6.08,1.30,5.55,1.84,5.39,1.86,48.86,8,3,V,0
825,item,item,4.79,1.02,4.10,1.69,5.37,1.01,4.32,4,2,N,UnAv
826,joke,piada,7.53,1.16,5.55,2.64,6.65,1.42,12.15,5,3,N,3
827,jolly,jovial,6.97,1.29,5.12,2.63,6.00,1.96,2.22,6,3,ADJ,0
828,journal,revista,5.67,0.98,3.72,1.99,5.30,1.56,76.74,7,3,N,2
829,jug,caneca,5.43,0.93,3.62,2.12,4.83,2.25,2.71,6,3,N,4
830,kerchief,lenço,5.31,1.43,3.45,1.91,4.90,1.99,28.56,5,2,N,4
831,ketchup,ketchup,4.84,1.59,4.19,2.00,5.43,1.81,2.04,7,2,N,0
832,kettle,chaleira,5.41,0.96,4.54,1.82,5.76,1.81,0.93,8,3,N,1
833,key,chave,5.43,1.20,3.50,1.79,4.42,2.34,31.95,5,2,N,2
834,kick,pontapé,3.89,1.86,6.60,1.82,4.96,2.14,16.04,7,3,N,0
835,kids,crianças,7.74,1.45,4.16,2.83,5.78,1.86,UnAv,8,3,N,UnAv
836,knot,nó,4.77,1.44,4.47,1.80,4.84,1.07,109.44,2,1,N,9
837,lamb,cordeiro,5.64,1.45,2.93,2.14,5.55,1.92,1.73,8,3,N,2
838,lamp,candeeiro,5.51,1.19,3.92,1.85,5.69,2.04,18.57,9,4,N,0
839,lantern,lanterna,5.43,1.01,4.05,1.81,4.88,1.73,7.09,8,3,N,0
840,lavish,generoso,7.24,1.64,4.50,2.63,5.33,2.16,15.92,8,4,ADJ,0
841,lawn,relvado,6.28,1.44,3.88,2.33,5.48,2.37,30.91,7,3,ADJ/N,0
842,lawsuit,acusação,2.48,1.19,6.88,1.88,3.60,2.11,68.84,8,4,N,0
843,lazy,preguiçoso,3.96,1.51,4.14,2.02,3.58,2.26,3.58,10,4,ADJ/N,0
844,leader,líder,6.70,1.33,5.85,2.37,7.06,1.92,161.32,5,2,N,0
845,legend,lenda,5.74,1.43,3.44,2.09,5.71,1.67,20.36,5,2,N,7
846,letter,carta,6.05,1.41,3.98,2.06,4.98,1.85,159.77,5,2,N,10
847,lighthouse,farol,5.57,1.28,4.00,1.91,4.56,1.97,9.25,5,2,N,1
848,limber,flexível,6.28,1.44,4.42,2.00,5.56,1.95,10.18,8,3,ADJ,0
849,lively,vivaz,6.33,1.16,5.26,2.24,6.07,1.58,0.56,5,2,ADJ,1
850,locker,cacifo,5.15,1.38,2.71,2.05,4.44,2.52,0.43,6,3,N,0
851,loser,falhado,2.46,1.53,5.51,2.01,3.66,1.92,6.23,7,3,ADJ,UnAv
852,lost,perdido,2.98,1.47,5.61,2.39,3.91,2.17,82.60,7,3,ADJ,UnAv
853,lottery,lotaria,7.29,1.43,6.14,2.58,4.64,2.42,5.24,7,4,N,0
854,lump,protuberância,4.35,1.58,4.00,2.79,4.50,2.37,1.23,13,5,N,0
855,machine,máquina,5.21,0.69,4.35,1.70,5.28,1.79,115.67,7,3,N,0
856,mad,louco,5.04,1.95,6.36,1.89,4.64,2.24,33.93,5,2,ADJ/N,4
857,madman,maluco,4.19,1.75,5.45,1.74,4.29,2.10,6.66,6,3,ADJ/N,0
858,magical,mágico,7.46,1.60,5.20,2.57,5.89,2.37,20.48,6,3,ADJ/N,1
859,mail,correio,5.67,1.59,4.42,2.20,5.16,1.86,31.89,7,3,N,2
860,malaria,malária,1.91,1.15,6.18,2.39,4.18,3.08,7.71,7,3,N,0
861,mangle,deformar,3.74,1.46,5.72,1.96,4.18,1.63,6.54,8,3,V,1
862,maniac,maníaco,3.31,1.95,5.97,2.24,3.77,2.24,1.17,7,4,ADJ/N,0
863,manner,maneira,5.32,0.72,3.85,2.09,4.65,2.27,273.84,7,3,N,1
864,mantel,prateleira,5.27,0.96,4.13,1.92,5.48,1.31,13.57,10,4,N,0
865,manure,estrume,2.92,1.57,3.83,1.99,4.17,1.69,4.94,7,3,N,0
866,market,mercado,5.54,1.20,4.38,2.16,4.37,2.09,301.16,7,3,N,2
867,massacre,massacre,1.63,0.88,7.76,1.09,3.13,2.47,24.18,8,3,N,0
868,material,material,4.90,0.47,3.85,1.93,4.93,1.85,160.58,8,4,ADJ/N,2
869,medicine,medicina,6.19,1.35,4.19,2.30,6.09,1.66,36.52,8,4,N,1
870,melody,melodia,7.18,1.47,3.13,2.39,6.03,2.07,7.71,7,4,N,0
871,memories,recordações,6.62,1.88,5.00,2.68,5.43,2.52,UnAv,11,4,N,UnAv
872,merry,contente,7.93,1.06,5.41,2.68,6.89,2.04,28.69,8,3,ADJ,0
873,messy,desordenado,3.57,1.31,5.14,2.56,4.72,2.62,0.74,11,5,ADJ,
874,metal,metal,4.78,0.83,4.35,1.84,5.13,1.10,52.00,5,2,N,3
875,method,método,5.52,1.48,4.55,1.45,5.58,1.88,94.26,6,3,N,0
876,milk,leite,5.96,1.51,3.44,2.14,5.16,1.89,62.74,5,2,N,3
877,mind,mente,6.10,1.79,3.83,2.44,5.74,2.12,17.46,5,2,N,6
878,mischief,travessura,5.59,1.70,5.60,1.85,5.62,1.36,0.49,10,4,N,0
879,misery,miséria,1.56,1.23,6.21,2.40,3.03,2.24,33.13,7,3,N,1
880,mistake,erro,2.90,1.33,5.82,2.30,4.24,2.31,92.84,4,2,N,6
881,mobility,mobilidade,6.40,1.73,4.78,2.17,6.38,2.20,14.00,10,5,N,1
882,mold,molde,4.98,0.90,3.65,1.84,5.24,1.52,21.96,5,2,N,2
883,moody,temperamental,4.98,1.37,5.90,1.90,4.68,1.96,1.05,13,5,ADJ,0
884,moral,moral,5.91,1.28,3.92,1.47,5.11,1.41,92.47,5,2,ADJ/N,7
885,mosquito,mosquito,3.64,1.50,5.72,2.07,3.87,2.36,10.67,8,3,N,0
886,mucus,muco,3.57,1.37,4.42,2.08,4.39,2.31,0.49,4,2,N,5
887,muddy,lamacento,3.63,1.45,4.97,1.79,4.46,1.89,1.54,9,4,ADJ,0
888,muffin,queque,6.17,1.79,4.13,2.74,5.78,2.46,2.78,6,2,N,0
889,museum,museu,5.98,1.15,3.84,2.01,4.94,1.85,49.35,5,2,N,0
890,mutation,mutação,4.50,1.55,4.33,2.16,3.69,2.10,7.77,7,3,N,0
891,mystic,místico,5.92,1.36,4.36,2.29,4.16,1.97,14.56,7,3,ADJ/N,4
892,naked,nu,5.65,1.52,5.90,2.01,5.63,2.32,34.98,2,1,ADJ/N,11
893,name,nome,5.40,0.93,4.31,1.59,5.38,1.76,391.91,4,2,N,3
894,narcotic,narcótico,2.81,1.49,5.37,2.19,4.43,1.91,0.93,9,4,ADJ/N,0
895,nasty,desagradável,2.62,1.06,5.48,2.22,4.50,2.06,13.02,12,5,ADJ,0
896,natural,natural,6.89,1.58,3.00,2.23,5.30,2.46,187.90,7,3,ADJ/N,0
897,needle,agulha,3.63,1.59,5.00,2.43,5.39,2.44,14.81,6,3,N,1
898,neglect,negligência,1.90,0.97,6.57,2.28,3.08,2.29,7.96,11,4,N,0
899,nervous,nervoso,3.20,1.41,7.44,1.52,3.75,2.33,37.45,7,3,ADJ/N,1
900,neurotic,neurótico,3.42,1.28,5.97,2.18,3.62,2.30,1.36,9,4,ADJ/N,1
901,news,notícias,5.31,1.24,4.97,1.83,4.03,1.81,UnAv,8,4,N,UnAv
902,nice,simpático,7.78,1.01,3.76,2.23,6.68,1.29,24.55,9,4,ADJ/N,0
903,nipple,mamilo,5.55,0.97,4.73,2.02,4.86,1.39,0.99,6,3,N,0
904,noisy,ruidoso,3.11,1.37,6.14,2.26,4.50,2.01,7.03,7,3,ADJ,1
905,nonsense,disparate,4.55,2.01,4.80,2.27,4.20,1.74,9.50,9,4,N,0
906,noose,laço,5.94,1.43,3.79,1.66,5.22,1.72,25.05,4,2,N,8
907,nourish,nutrir,6.27,1.64,4.50,2.44,6.04,1.86,6.54,6,2,V,0
908,nuisance,aborrecimento,2.70,1.10,4.72,2.34,3.88,1.95,3.70,13,6,N,0
909,nun,freira,5.13,1.53,3.48,1.63,4.58,1.17,8.27,6,2,N,5
910,nursery,infantário,6.22,1.65,5.36,2.00,5.07,1.52,4.69,10,4,N,0
911,obesity,obesidade,2.31,1.49,5.50,2.52,4.77,2.43,3.15,9,4,N,0
912,obey,obedecer,4.56,1.55,5.06,1.87,4.48,2.38,32.82,8,3,V,0
913,obnoxious,repugnante,2.63,1.29,5.58,2.43,4.15,2.01,2.96,10,4,ADJ,0
914,obscene,obsceno,4.06,1.55,5.62,1.87,4.36,1.76,3.70,7,3,ADJ/N,0
915,obsession,obsessão,2.58,1.65,6.37,1.79,4.31,2.46,8.70,8,3,N,0
916,odd,invulgar,5.32,1.40,4.62,1.90,4.97,1.35,10.12,8,3,ADJ,0
917,offend,ofender,2.32,1.18,6.68,2.01,4.59,2.31,16.78,7,3,V,1
918,optimism,optimismo,7.81,1.14,5.00,2.52,5.88,2.29,14.93,9,4,N,0
919,option,opção,6.48,1.52,5.18,2.31,6.25,1.97,63.29,5,2,N,0
920,orgasm,orgasmo,7.24,2.34,7.29,2.02,6.26,2.50,2.41,7,3,N,0
921,outrage,ultrage,2.61,1.71,6.08,2.33,3.63,2.34,UnAv,7,3,N/V,UnAv
922,outstanding,extraordinário,7.53,1.56,5.91,2.15,6.44,1.74,53.92,14,5,ADJ/N,0
923,overcast,nublado,3.81,1.60,3.82,1.71,4.77,1.74,UnAv,7,3,V,1
924,paint,pintura,6.29,1.38,3.69,2.24,5.26,2.38,66.69,7,3,N,2
925,pamphlet,panfleto,5.24,0.69,3.80,1.70,4.95,1.94,6.54,8,3,N,0
926,paralysis,paralisia,1.93,1.11,5.61,2.48,4.00,2.81,4.13,9,5,N,0
927,part,parte,4.78,1.10,3.89,1.65,4.96,1.66,864.75,5,2,N,4
928,passage,passagem,5.40,1.54,5.00,2.05,5.13,0.50,118.13,8,3,N,3
929,patient,paciente,5.47,1.78,3.33,2.43,5.79,1.75,15.55,8,4,ADJ/N,0
930,patriot,patriota,6.21,1.54,4.32,2.79,6.21,1.77,3.15,8,4,ADJ/N,0
931,penalty,multa,2.34,1.28,6.58,1.95,3.77,2.28,21.59,5,2,N,5
932,penis,pénis,6.53,1.37,5.69,2.30,5.35,1.62,2.90,5,2,N,UnAv
933,penthouse,águas-furtadas,4.38,2.18,3.21,2.44,3.90,2.45,UnAv,14,5,N,UnAv
934,perfume,perfume,6.73,1.47,4.24,2.32,5.94,1.98,39.67,7,3,N,0
935,pet,mascote,5.63,1.66,3.69,2.35,5.82,2.21,0.99,7,3,N,0
936,phase,fase,5.24,1.41,4.81,1.94,5.09,1.51,237.38,4,2,N,3
937,pig,porco,4.40,1.79,4.68,2.18,4.84,2.08,42.13,5,2,ADJ/N,6
938,pinch,beliscão,3.94,1.82,5.69,2.29,5.11,1.91,2.10,8,3,N,1
939,pistol,pistola,2.56,1.44,6.68,2.28,3.07,2.21,13.08,7,3,N,0
940,pity,piedade,4.30,1.66,4.00,1.73,4.43,1.75,7.03,7,4,N,0
941,plain,plano,6.04,1.29,3.73,2.07,5.83,2.31,199.69,5,2,ADJ/N,3
942,poster,póster,5.34,1.11,5.17,2.18,4.29,1.59,UnAv,6,2,N,UnAv
943,present,presente,7.07,1.41,5.82,2.56,5.73,2.31,184.45,8,3,ADJ/N,1
944,pressure,pressão,3.00,1.45,6.94,2.01,3.89,2.13,135.53,7,2,N,1
945,prestige,prestígio,7.26,1.32,5.64,2.04,5.55,2.02,29.12,9,3,N,0
946,prick,pila,5.54,1.73,5.13,2.25,4.79,1.75,UnAv,4,2,N/V,UnAv
947,progress,progresso,7.31,1.30,4.93,2.23,6.00,2.19,58.30,9,3,N,1
948,pungent,acre,2.89,2.03,3.35,2.31,3.78,2.33,4.44,4,2,ADJ/N,6
949,python,píton,3.15,1.65,5.70,2.14,3.78,2.34,UnAv,5,2,N,UnAv
950,quality,qualidade,7.07,1.23,3.20,1.71,6.17,2.19,207.71,9,4,N,1
951,quart,litro,5.26,1.02,3.88,2.03,5.42,1.86,18.94,5,2,N,1
952,queen,rainha,5.68,1.05,4.28,2.09,5.08,2.39,30.29,6,2,N,3
953,quick,rápido,5.73,1.69,6.32,2.01,5.16,2.17,113.32,6,3,ADJ/ADV/N,0
954,radiant,radiante,7.69,1.33,4.88,2.89,6.50,2.23,7.96,8,4,ADJ,1
955,radiator,radiador,5.24,0.79,4.09,1.75,5.34,1.64,0.74,8,4,N,0
956,rancid,rançoso,2.91,1.50,4.18,2.06,4.08,1.61,0.43,7,3,ADJ,0
957,razor,navalha,3.46,1.42,6.17,1.58,4.00,2.31,9.01,7,3,N,0
958,reptile,réptil,4.00,2.00,5.73,1.95,3.96,1.87,2.34,6,2,ADJ/N,0
959,resent,ressentir-se,3.11,1.31,5.68,1.87,3.97,1.65,UnAv,12,3,V,UnAv
960,restaurant,restaurante,6.16,1.42,4.45,1.87,5.67,1.40,53.98,11,4,N,0
961,reunion,reunião,5.21,1.41,4.29,1.84,4.79,2.01,152.37,7,3,N,0
962,revolver,revólver,2.67,1.39,6.56,1.87,4.42,2.50,2.41,8,3,N,1
963,rigid,rígido,3.79,1.77,5.80,2.46,4.54,1.98,14.62,6,3,ADJ,2
964,robber,assaltante,1.62,0.75,7.05,2.32,4.74,2.54,14.93,10,4,N,UnAv
965,rock,rocha,5.02,1.02,3.90,1.80,4.72,1.28,45.22,5,2,N,6
966,rough,áspero,3.50,1.10,4.87,2.11,3.42,2.08,10.24,6,3,ADJ,0
967,safe,seguro,7.08,1.64,2.98,2.01,6.46,1.90,83.34,6,3,ADJ/N,0
968,saint,santo,5.36,1.59,3.24,1.84,4.28,1.87,68.47,5,2,ADJ/N,4
969,save,poupar,5.46,2.00,4.15,1.78,5.63,2.22,37.88,6,2,V,2
970,scalding,escaldar,3.91,1.96,6.57,1.90,4.21,1.75,5.68,8,3,V,4
971,scandal,escândalo,3.26,1.60,5.83,2.22,3.76,1.63,31.52,9,4,N,0
972,scapegoat,bode-expiatório,2.75,1.52,5.55,2.29,4.38,2.14,UnAv,15,6,,UnAv
973,scar,cicatriz,3.66,1.40,4.80,2.07,4.68,1.60,4.87,8,3,N,0
974,scissors,tesoura,4.76,1.12,4.24,1.92,4.10,1.94,8.45,7,3,N,3
975,scorching,abrasador,5.08,1.50,5.64,2.07,5.06,2.06,1.11,9,4,ADJ,1
976,scorpion,escorpião,3.83,1.59,5.72,1.71,4.11,1.93,0.86,9,4,N,0
977,sentiment,sentimento,6.91,1.36,5.79,2.83,4.94,2.46,82.35,10,4,N,1
978,severe,severo,3.08,1.44,5.35,2.07,4.97,2.24,18.38,6,3,ADJ,0
979,shotgun,caçadeira,2.85,1.51,6.40,1.46,4.52,2.44,6.11,9,4,N,1
980,shriek,guincho,3.97,1.19,4.81,2.88,4.20,2.02,4.01,7,2,N,0
981,silly,tonto,4.14,1.36,4.77,2.09,4.27,2.00,9.01,5,2,ADJ/N,6
982,slow,lento,4.00,1.51,4.27,2.72,4.44,2.45,53.30,5,2,ADJ,10
983,slush,lama,3.65,1.16,4.44,1.29,4.50,1.14,27.20,4,2,N,15
984,smooth,liso,4.93,1.07,3.45,1.90,5.00,2.10,17.03,4,2,ADJ,8
985,social,sociável,6.93,1.49,4.52,2.57,5.96,2.18,0.93,8,4,ADJ,1
986,soft,macio,6.97,1.29,3.10,2.15,5.79,2.18,16.84,5,3,ADJ,4
987,song,canção,7.69,1.42,4.08,3.04,4.93,2.62,35.72,6,2,N,6
988,soothe,acalmar,6.62,1.39,2.16,1.42,5.07,2.56,15.79,7,3,V,1
989,sour,azedo,3.25,1.67,5.35,2.43,4.88,2.33,5.31,5,3,ADJ/N,2
990,spanking,palmada,3.61,1.67,6.12,1.87,4.07,2.57,3.76,7,3,N,0
991,sphere,esfera,5.50,0.96,3.83,1.83,4.89,1.77,27.39,6,3,N,1
992,spray,spray,4.71,1.40,4.09,1.74,4.71,1.36,1.11,5,1,N,UnAv
993,spring,primavera,7.70,1.13,4.15,2.68,5.92,2.15,28.13,9,4,N,1
994,stagnant,estagnado,3.29,1.49,4.57,2.11,3.73,2.07,1.79,9,4,ADJ,UnAv
995,statue,estátua,5.28,1.02,3.74,2.06,5.11,2.30,26.90,7,3,N,0
996,stench,fedor,2.97,1.64,6.17,1.95,3.96,1.95,1.17,5,2,N,3
997,stiff,firme,6.30,1.22,3.93,2.40,6.87,2.07,32.94,5,2,ADJ,2
998,stomach,estômago,4.73,1.11,3.83,2.04,4.80,1.15,19.25,8,4,N,0
999,stool,banquinho,5.62,1.62,2.85,1.89,5.07,1.89,UnAv,9,3,N,UnAv
1000,storm,tempestade,3.44,1.78,6.04,2.33,4.20,2.28,21.22,10,4,N,0
1001,stove,forno,5.67,1.15,4.22,1.99,4.90,1.81,46.88,5,2,N,5
1002,sugar,açúcar,6.88,1.63,4.00,2.59,5.67,2.74,32.39,6,3,N,0
1003,sunlight,luz-solar,7.90,1.08,4.63,2.99,5.05,3.11,UnAv,9,2,N,UnAv
1004,swamp,pântano,4.67,1.79,4.46,1.50,4.78,1.97,4.75,7,3,N,0
1005,swift,veloz,6.31,1.66,5.66,2.65,5.27,2.08,6.85,5,2,ADJ,1
1006,tamper,manipular,3.00,1.28,6.63,2.03,4.36,2.57,6.79,9,4,V,0
1007,taste,sabor,6.72,1.31,4.41,2.47,6.21,2.43,30.54,5,2,N,2
1008,taxi,táxi,4.98,0.40,4.05,2.07,5.43,1.85,19.25,4,2,N,0
1009,teacher,professor,5.75,1.32,3.70,2.35,4.61,2.64,189.63,9,3,N,1
1010,tease,arreliar,3.63,1.47,5.86,2.29,4.75,2.21,2.34,8,4,V,3
1011,tender,terno,6.96,1.60,2.92,1.89,5.81,2.32,7.46,5,2,ADJ/N,5
1012,thermometer,termómetro,4.24,1.12,4.15,1.63,4.60,1.71,4.94,10,4,N,0
1013,thought,pensamento,6.42,1.52,3.74,2.60,5.97,2.29,75.94,10,4,N,0
1014,tidy,ordenado,7.00,1.41,4.11,2.36,5.96,2.52,6.85,8,4,ADJ/N,0
1015,tool,ferramenta,5.24,1.06,4.42,1.75,5.74,1.75,27.08,10,4,N,0
1016,tower,torre,5.20,0.63,4.39,1.77,5.00,1.60,21.22,5,2,N,2
1017,toy,brinquedo,6.71,1.19,4.36,2.16,5.00,1.84,15.11,9,3,N,0
1018,travel,viajar,8.36,1.01,5.11,3.40,6.36,2.58,43.74,6,3,V,0
1019,treat,apaparicar,6.30,2.69,5.19,2.77,5.79,2.29,0.56,10,5,V,0
1020,trunk,bagageira,5.07,0.90,3.85,2.15,5.22,2.03,UnAv,9,4,ADJ/N,2
1021,tune,cantiga,6.44,1.83,3.85,2.13,6.00,2.05,10.12,7,3,N,1
1022,twilight,crepúsculo,5.47,2.36,3.21,2.27,5.36,2.60,7.59,10,4,N,0
1023,unit,unidade,5.18,0.72,3.52,1.89,5.10,1.72,141.02,7,4,N,0
1024,utensil,utensílio,4.79,1.34,3.76,1.86,5.07,1.64,22.33,9,4,N,0
1025,vagina,vagina,4.78,1.31,3.32,2.11,5.50,1.92,2.16,6,3,N,2
1026,vest,colete,4.61,0.92,4.10,1.86,4.44,1.56,9.69,6,3,N,1
1027,virgin,virgem,4.97,0.31,4.18,1.56,5.20,1.87,12.15,6,2,ADJ/N,1
1028,voyage,travessia,5.10,1.60,4.20,1.85,5.41,1.87,14.25,9,4,N,1
1029,wagon,carruagem,5.40,1.20,4.56,1.81,5.13,1.91,15.73,9,4,N,0
1030,whistle,assobio,5.48,1.01,3.89,1.75,3.75,2.49,6.91,7,4,N,0
1031,wife,esposa,5.65,1.58,4.63,1.90,5.08,1.93,UnAv,6,3,N/N/V/V,3
1032,windmill,moínho,5.51,1.07,2.79,1.82,5.50,1.79,UnAv,6,3,N/V,UnAv
1033,wink,piscar,4.97,1.45,5.00,1.68,5.26,1.63,5.37,6,2,V,5
1034,wish,desejo,7.18,1.38,6.48,2.14,5.30,2.18,100.61,6,3,N,1
1035,wit,engenho,5.76,1.41,4.56,1.86,5.12,1.58,13.32,7,3,N,0
1036,writer,escritor,6.78,1.36,4.18,2.49,5.35,1.72,60.95,8,3,N,2
1037,yacht,iate,6.75,1.59,4.19,3.02,4.96,2.76,9.44,4,3,N,2
1038,young,jovem,7.42,1.32,4.13,2.23,5.49,2.25,289.38,5,2,ADJ/N,0
1039,youth,juventude,7.76,1.13,6.68,2.21,5.70,2.41,40.96,9,4,N,0
1040,zest,zelo,5.54,1.69,3.81,1.94,5.30,1.87,6.60,4,2,N,7
